Id,Label,timeset,eigencentrality,indegree,outdegree,degree
phillip.allen@enron.com,,,0,0,0,0
keith.holst@enron.com,,,0,0,0,0
ina.rangel@enron.com,,,0.00841,3,0,3
john.lavorato@enron.com,,,0.127598,7,2,9
mike.grigsby@enron.com,,,0,0,8,8
frank.ermis@enron.com,,,0.001894,1,0,1
matthew.lenhart@enron.com,,,0,0,1,1
stephanie.miller@enron.com,,,0.302692,3,3,6
jeff.dasovich@enron.com,,,1,15,30,45
sarah.novosel@enron.com,,,0.085099,1,3,4
james.steffes@enron.com,,,0.28825,2,2,4
steven.kean@enron.com,,,0.168094,1,1,2
richard.shapiro@enron.com,,,0.852706,22,6,28
k..allen@enron.com,,,0.001894,1,1,2
kathie.grabstald@enron.com,,,0,0,2,2
louise.kitchen@enron.com,,,0.19185,26,3,29
john.arnold@enron.com,,,0.001894,1,5,6
l..gay@enron.com,,,0.001894,1,0,1
karen.buckley@enron.com,,,0,0,0,0
m..tholt@enron.com,,,0.020196,1,1,2
jay.reitmeyer@enron.com,,,0,0,0,0
dutch.quigley@enron.com,,,0.007734,2,1,3
mike.maggi@enron.com,,,0.003258,1,0,1
rob.milnthorp@enron.com,,,0.001894,1,0,1
tim.belden@enron.com,,,0.190273,3,2,5
f..calger@enron.com,,,0.255053,3,1,4
andy.zipper@enron.com,,,0,0,0,0
john.griffith@enron.com,,,0.003258,1,0,1
jennifer.fraser@enron.com,,,0,0,0,0
caroline.abramo@enron.com,,,0.003258,1,0,1
jeanie.slone@enron.com,,,0,0,0,0
frank.hayden@enron.com,,,0,0,0,0
david.forster@enron.com,,,0,0,1,1
kenny.soignet@enron.com,,,0,0,0,0
berney.aucoin@enron.com,,,0,0,0,0
sarah.wesner@enron.com,,,0,0,0,0
matthew.arnold@enron.com,,,0,0,0,0
margaret.allen@enron.com,,,0,0,0,0
errol.mclaughlin@enron.com,,,0,0,0,0
brian.hoskins@enron.com,,,0,0,0,0
jennifer.burns@enron.com,,,0,0,0,0
liz.taylor@enron.com,,,0,0,0,0
vladimir.gorny@enron.com,,,0,0,0,0
david.oxley@enron.com,,,0.005342,1,1,2
lara.leibman@enron.com,,,0,0,0,0
paul.kaufman@enron.com,,,0.439677,3,2,5
houston <.ward@enron.com>,,,0,0,2,2
gerald.nemec@enron.com,,,0.170938,11,8,19
tori.kuykendall@enron.com,,,0,0,0,0
<.ward@enron.com>,,,0,0,0,0
mary.hain@enron.com,,,0,0,0,0
carla.hoffman@enron.com,,,0,0,0,0
robert.badeer@enron.com,,,0.070531,2,0,2
jeff.richter@enron.com,,,0,0,0,0
chris.foster@enron.com,,,0,0,0,0
roger.yang@enron.com,,,0,0,0,0
sandra.mccubbin@enron.com,,,0.186484,1,0,1
susan.mara@enron.com,,,0.545668,5,7,12
mona.petrochko@enron.com,,,0,0,0,0
bruno.gaillard@enron.com,,,0,0,0,0
joe.hartsoe@enron.com,,,0,0,0,0
heather.dunton@enron.com,,,0,0,0,0
matt.motley@enron.com,,,0.001894,1,0,1
mike.swerzbin@enron.com,,,0,0,0,0
sean.crandall@enron.com,,,0.004621,1,0,1
rhonda.denton@enron.com,,,0,0,0,0
dana.davis@enron.com,,,0.001894,1,0,1
genia.fitzgerald@enron.com,,,0.009867,1,0,1
mary.cook@enron.com,,,0.055011,4,3,7
angela.davis@enron.com,,,0,0,0,0
brant.reves@enron.com,,,0,0,0,0
susan.bailey@enron.com,,,0.070376,4,1,5
sara.shackleton@enron.com,,,0.172542,10,19,29
diane.anderson@enron.com,,,0.01726,1,0,1
alan.aronowitz@enron.com,,,0.031544,1,0,1
tana.jones@enron.com,,,0.075033,13,12,25
stephanie.panus@enron.com,,,0.093068,3,4,7
marie.heard@enron.com,,,0.061523,2,7,9
samantha.boyd@enron.com,,,0.053116,3,0,3
becky.spencer@enron.com,,,0,0,2,2
jim.armogida@enron.com,,,0.047964,1,0,1
keegan.farrell@enron.com,,,0,0,5,5
kayla.heitmeyer@enron.com,,,0.001894,1,0,1
kimberly.allen@enron.com,,,0,0,0,0
holly.keiser@enron.com,,,0.001894,1,4,5
cheryl.nelson@enron.com,,,0.047964,1,2,3
laurel.adams@enron.com,,,0.096308,3,1,4
robert.bruce@enron.com,,,0.001894,1,0,1
david.baumbach@enron.com,,,0,0,0,0
eric.bass@enron.com,,,0,0,1,1
hector.campos@enron.com,,,0,0,0,0
o'neal.winfree@enron.com,,,0,0,0,0
luis.mena@enron.com,,,0,0,0,0
harry.bucalo@enron.com,,,0,0,0,0
patrick.ryder@enron.com,,,0,0,0,0
bryan.hull@enron.com,,,0,0,0,0
timothy.blanchard@enron.com,,,0,0,0,0
shanna.husser@enron.com,,,0.001894,1,0,1
phillip.love@enron.com,,,0,0,1,1
laura.harder@enron.com,,,0,0,0,0
thomas.martin@enron.com,,,0,0,0,0
chad.landry@enron.com,,,0.001894,1,0,1
robert.cass@enron.com,,,0,0,0,0
dale.neuner@enron.com,,,0,0,0,0
paul.lucci@enron.com,,,0,0,0,0
a..martin@enron.com,,,0,0,1,1
laura.vuittonet@enron.com,,,0.001894,1,0,1
m..love@enron.com,,,0.005342,1,3,4
c..giron@enron.com,,,0.001894,1,0,1
tamara.black@enron.com,,,0,0,0,0
rudy.acevedo@enron.com,,,0,0,0,0
diana.allen@enron.com,,,0,0,0,0
russell.ballato@enron.com,,,0,0,0,0
christian.yoder@enron.com,,,0,0,0,0
kayne.coulter@enron.com,,,0,0,0,0
juan.hernandez@enron.com,,,0.001894,1,0,1
christi.nicolay@enron.com,,,0,0,0,0
jeff.brown@enron.com,,,0,0,0,0
ron.mcnamara@enron.com,,,0,0,0,0
ozzie.pagan@enron.com,,,0,0,0,0
lydia.delgado@enron.com,,,0,0,0,0
johnny.palmer@enron.com,,,0,0,2,2
don.baughman@enron.com,,,0.001894,1,1,2
terri.clynes@enron.com,,,0,0,0,0
debra.bailey@enron.com,,,0,0,0,0
lloyd.will@enron.com,,,0.007125,2,0,2
jae.black@enron.com,,,0.003867,1,0,1
jay.blaine@enron.com,,,0.003258,1,0,1
matt.lorenz@enron.com,,,0,0,0,0
m..forney@enron.com,,,0.001894,1,5,6
joe.errigo@enron.com,,,0.003258,1,0,1
eric.saibi@enron.com,,,0,0,0,0
l..nicolay@enron.com,,,0.085099,1,1,2
m..presto@enron.com,,,0.003867,1,6,7
d..steffes@enron.com,,,0.442522,8,27,35
l..denton@enron.com,,,0,0,3,3
lester.rawson@enron.com,,,0.001894,1,0,1
holden.salisbury@enron.com,,,0.005683,3,0,3
john.kinser@enron.com,,,0,0,0,0
david.delainey@enron.com,,,0,0,0,0
wes.colwell@enron.com,,,0,0,0,0
sheila.glover@enron.com,,,0.047964,1,2,3
sally.beck@enron.com,,,0.011968,3,7,10
david.port@enron.com,,,0.012074,1,0,1
rick.buy@enron.com,,,0.022661,5,5,10
hector.mcloughlin@enron.com,,,0,0,0,0
bob.hall@enron.com,,,0,0,0,0
james.scribner@enron.com,,,0,0,0,0
ted.murphy@enron.com,,,0.012074,1,1,2
brent.price@enron.com,,,0,0,0,0
cindy.olson@enron.com,,,0,0,0,0
cassandra.schultz@enron.com,,,0,0,0,0
shona.wilson@enron.com,,,0.007704,1,1,2
beth.apollo@enron.com,,,0.009599,2,0,2
lexi.elliott@enron.com,,,0,0,0,0
mike.mcconnell@enron.com,,,0.001894,1,0,1
mary.solmonson@enron.com,,,0,0,0,0
patti.thompson@enron.com,,,0.007704,1,0,1
jeffrey.gossett@enron.com,,,0,0,0,0
brenda.herod@enron.com,,,0,0,0,0
jeff.smith@enron.com,,,0,0,0,0
jeffrey.shankman@enron.com,,,0,0,0,0
mike.jordan@enron.com,,,0,0,0,0
janet.dietrich@enron.com,,,0,0,0,0
kevin.presto@enron.com,,,0,0,0,0
eugenio.perez@enron.com,,,0,0,0,0
greg.whalley@enron.com,,,0.043366,2,1,3
darron.giron@enron.com,,,0,0,1,1
kam.keiser@enron.com,,,0.001894,1,0,1
cathy.phillips@enron.com,,,0,0,0,0
mark.haedicke@enron.com,,,0,0,1,1
kristin.albrecht@enron.com,,,0.001894,1,0,1
leslie.reeves@enron.com,,,0,0,0,0
richard.causey@enron.com,,,0,0,0,0
fernley.dyson@enron.com,,,0,0,0,0
sheri.thomas@enron.com,,,0,0,0,0
peggy.hedstrom@enron.com,,,0,0,0,0
michael.moscoso@enron.com,,,0,0,0,0
scott.earnest@enron.com,,,0,0,0,0
barry.pearce@enron.com,,,0,0,0,0
robert.superty@enron.com,,,0,0,0,0
kay.chapman@enron.com,,,0,0,0,0
sharron.westbrook@enron.com,,,0,0,0,0
greg.piper@enron.com,,,0.007704,1,3,4
daren.farmer@enron.com,,,0,0,0,0
rick.bergsieker@enron.com,,,0,0,0,0
tammie.schoppe@enron.com,,,0.066674,1,0,1
michael.beyer@enron.com,,,0,0,0,0
adarsh.vakharia@enron.com,,,0,0,0,0
brian.redmond@enron.com,,,0,0,1,1
leonardo.pacheco@enron.com,,,0,0,0,0
kenneth.lay@enron.com,,,0.066592,2,0,2
jeff.skilling@enron.com,,,0,0,0,0
mark.palmer@enron.com,,,0,0,0,0
eric.thode@enron.com,,,0,0,1,1
mark.taylor@enron.com,,,0.079508,2,0,2
simone.la@enron.com,,,0,0,3,3
sunil.abraham@enron.com,,,0.001894,1,0,1
m.hall@enron.com,,,0.007704,1,1,2
jay.webb@enron.com,,,0,0,0,0
nancy.hernandez@enron.com,,,0,0,3,3
chris.abel@enron.com,,,0.001894,1,0,1
karen.denne@enron.com,,,0.354885,3,4,7
christina.valdez@enron.com,,,0.007704,1,0,1
chris.dorland@enron.com,,,0,0,1,1
michael.cowan@enron.com,,,0,0,0,0
beth.jenkins@enron.com,,,0.001894,1,0,1
jonathan.mckay@enron.com,,,0,0,2,2
rogers.herndon@enron.com,,,0.003867,1,1,2
j..sturm@enron.com,,,0,0,0,0
doug.gilbert-smith@enron.com,,,0,0,1,1
rika.imai@enron.com,,,0.003867,1,0,1
raetta.zadow@enron.com,,,0.010897,1,0,1
lynn.blair@enron.com,,,0.020871,4,17,21
jean.blair@enron.com,,,0.010897,1,0,1
steve.january@enron.com,,,0,0,0,0
shelley.corman@enron.com,,,0.012791,2,2,4
john.buchanan@enron.com,,,0.010897,1,1,2
drew.fossum@enron.com,,,0,0,1,1
dave.neubauer@enron.com,,,0,0,0,0
rick.dietz@enron.com,,,0.010897,1,0,1
michael.bodnar@enron.com,,,0.010897,1,0,1
ava.garcia@enron.com,,,0.010897,1,1,2
elizabeth.brown@enron.com,,,0,0,2,2
a..smith@enron.com,,,0,0,0,0
helpdesk.hottap@enron.com,,,0,0,0,0
toby.kuehl@enron.com,,,0,0,0,0
bradley.holmes@enron.com,,,0.010897,1,0,1
steven.january@enron.com,,,0.010897,1,0,1
patrick.barry@enron.com,,,0,0,0,0
randy.bryan@enron.com,,,0.010897,1,0,1
bert.hernandez@enron.com,,,0,0,0,0
terry.kowalke@enron.com,,,0.010897,1,0,1
ricki.winters@enron.com,,,0.007234,1,0,1
laura.giambrone@enron.com,,,0.001894,1,0,1
sheila.nacey@enron.com,,,0.010897,1,0,1
mike.bryant@enron.com,,,0,0,0,0
larry.berger@enron.com,,,0.010897,1,0,1
jerry.graves@enron.com,,,0,0,0,0
glen.hass@enron.com,,,0,0,2,2
lindy.donoho@enron.com,,,0.020143,2,1,3
sharon.brown@enron.com,,,0,0,0,0
randy.janzen@enron.com,,,0.010897,1,0,1
donna.scott@enron.com,,,0.010897,1,0,1
richard.hanagriff@enron.com,,,0.010897,1,0,1
kimberly.watson@enron.com,,,0.028298,5,9,14
tk.lohman@enron.com,,,0.013558,1,0,1
vernon.mercaldo@enron.com,,,0.010897,1,0,1
audrey.robertson@enron.com,,,0.013558,1,3,4
steven.harris@enron.com,,,0.039406,5,1,6
jodie.floyd@enron.com,,,0,0,0,0
robert.kilmer@enron.com,,,0,0,0,0
teb.lokey@enron.com,,,0,0,0,0
kevin.hyatt@enron.com,,,0.005037,1,1,2
darrell.schoolcraft@enron.com,,,0,0,4,4
gary.spraggins@enron.com,,,0,0,0,0
colleen.sullivan@enron.com,,,0,0,0,0
chris.germany@enron.com,,,0.001894,1,1,2
scott.neal@enron.com,,,0,0,0,0
andrea.ring@enron.com,,,0,0,0,0
victor.lamadrid@enron.com,,,0,0,1,1
chuck.ames@enron.com,,,0,0,0,0
f..brawner@enron.com,,,0,0,0,0
kimberly.bates@enron.com,,,0,0,0,0
david.gorte@enron.com,,,0.012074,1,0,1
michael.tribolet@enron.com,,,0.186484,1,1,2
chip.schneider@enron.com,,,0,0,3,3
kenneth.thibodeaux@enron.com,,,0,0,0,0
s..bradford@enron.com,,,0.012074,1,1,2
l..carson@enron.com,,,0.012074,1,1,2
joannie.williamson@enron.com,,,0,0,3,3
raymond.bowen@enron.com,,,0.001894,1,0,1
london.brown@enron.com,,,0.001894,1,0,1
paula.rieker@enron.com,,,0,0,0,0
j..edison@enron.com,,,0,0,3,3
a..fox@enron.com,,,0.001894,1,0,1
e..haedicke@enron.com,,,0.003789,2,0,2
stanley.horton@enron.com,,,0,0,0,0
peggy.fowler@enron.com,,,0,0,0,0
rod.hayslett@enron.com,,,0.036342,4,5,9
r..shepperd@enron.com,,,0,0,0,0
k..heathman@enron.com,,,0,0,0,0
larry.campbell@enron.com,,,0,0,2,2
leo.nichols@enron.com,,,0,0,0,0
william.kendrick@enron.com,,,0.001894,1,0,1
team.kingman-needles@enron.com,,,0,0,0,0
rich.jolly@enron.com,,,0.001894,1,0,1
team.kingman-sta1@enron.com,,,0,0,0,0
team.kingman@enron.com,,,0,0,0,0
george.robinson@enron.com,,,0,0,0,0
mike.riedel@enron.com,,,0,0,0,0
john.shafer@enron.com,,,0.001894,1,0,1
louis.soldano@enron.com,,,0,0,0,0
sarita.garza@enron.com,,,0,0,0,0
randy.armstrong@enron.com,,,0,0,0,0
scott.jones@enron.com,,,0,0,0,0
rick.loveless@enron.com,,,0,0,0,0
d..thomas@enron.com,,,0,0,0,0
peter.makkai@enron.com,,,0,0,0,0
michelle.cash@enron.com,,,0.006259,2,7,9
twanda.sweet@enron.com,,,0.007237,2,0,2
felecia.acevedo@enron.com,,,0.001894,1,0,1
trey.cash@enron.com,,,0,0,1,1
kriste.sullivan@enron.com,,,0,0,0,0
sharon.butcher@enron.com,,,0,0,0,0
rick.johnson@enron.com,,,0,0,0,0
cindy.skinner@enron.com,,,0,0,0,0
brian.schaffer@enron.com,,,0,0,0,0
gina.corteselli@enron.com,,,0,0,0,0
amy.fitzpatrick@enron.com,,,0,0,0,0
fran.mayes@enron.com,,,0,0,0,0
mary.joyce@enron.com,,,0,0,0,0
andrea.yowman@enron.com,,,0.005342,1,0,1
sylvia.hu@enron.com,,,0,0,2,2
ryan.seleznov@enron.com,,,0.005342,1,0,1
lizzette.palmer@enron.com,,,0.005342,1,1,2
a..hope@enron.com,,,0.005342,1,0,1
diane.goode@enron.com,,,0.005342,1,0,1
mecole.brown@enron.com,,,0.001894,1,0,1
janette.elbertson@enron.com,,,0.001894,1,0,1
david.allan@enron.com,,,0.003867,1,1,2
monika.causholli@enron.com,,,0.003867,1,3,4
e..carter@enron.com,,,0.003867,1,0,1
teresa.aguilera-peon@enron.com,,,0.003867,1,0,1
danny.mccarty@enron.com,,,0.011968,3,3,6
james.saunders@enron.com,,,0.014669,1,1,2
eric.gadd@enron.com,,,0.007704,1,2,3
julie.armstrong@enron.com,,,0.007704,1,1,2
james.studebaker@enron.com,,,0,0,0,0
caroline.barnes@enron.com,,,0.014669,1,0,1
robert.hayes@enron.com,,,0,0,0,0
cindy.stark@enron.com,,,0,0,0,0
bob.chandler@enron.com,,,0,0,0,0
tracy.geaccone@enron.com,,,0.042388,3,9,12
a..howard@enron.com,,,0,0,0,0
alan.comnes@enron.com,,,0.373348,3,4,7
cara.semperger@enron.com,,,0.00841,3,0,3
fran.chang@enron.com,,,0,0,1,1
diana.scholtes@enron.com,,,0.003789,2,2,4
virginia.thompson@enron.com,,,0,0,1,1
donald.robinson@enron.com,,,0,0,0,0
ray.alvarez@enron.com,,,0.153736,2,1,3
tom.alonso@enron.com,,,0.070531,2,0,2
tim.heizenrader@enron.com,,,0,0,0,0
jill.chatterton@enron.com,,,0,0,0,0
bruce.mills@enron.com,,,0.006259,2,1,3
d..hogan@enron.com,,,0,0,2,2
bryant.frihart@enron.com,,,0.001894,1,0,1
joseph.alamo@enron.com,,,0.22121,2,2,4
ginger.dernehl@enron.com,,,0.186484,1,4,5
jennifer.rudolph@enron.com,,,0,0,0,0
janel.guerrero@enron.com,,,0.271583,2,3,5
vicki.sharp@enron.com,,,0.271583,2,0,2
robert.williams@enron.com,,,0,0,0,0
sue.nord@enron.com,,,0,0,1,1
barbara.hueter@enron.com,,,0,0,0,0
donald_lassere@enron.net,,,0,0,0,0
jeffery.fawcett@enron.com,,,0,0,0,0
angela.schwarz@enron.com,,,0.186484,1,0,1
beverly.aden@enron.com,,,0.186484,1,0,1
skean@enron.com,,,0.186484,1,0,1
carmen.perez@enron.com,,,0,0,0,0
harry.kingerski@enron.com,,,0.271583,2,1,3
rebecca.cantrell@enron.com,,,0,0,0,0
barry.tycholiz@enron.com,,,0.341247,6,5,11
susan.scott@enron.com,,,0,0,0,0
scott.bolton@enron.com,,,0,0,0,0
susan.landwehr@enron.com,,,0.186484,1,0,1
mike.smith@enron.com,,,0,0,0,0
mpalmer@enron.com,,,0.186484,1,0,1
linda.robertson@enron.com,,,0.288818,4,1,5
christopher.calger@enron.com,,,0,0,1,1
david.parquet@enron.com,,,0.186484,1,0,1
tom.briggs@enron.com,,,0,0,0,0
michael.etringer@enron.com,,,0.186484,1,0,1
lisa.yoho@enron.com,,,0,0,1,1
kristin.walsh@enron.com,,,0,0,1,1
richard.sanders@enron.com,,,0,0,0,0
mark.schroeder@enron.com,,,0,0,0,0
lysa.akin@enron.com,,,0,0,0,0
scott.stoness@enron.com,,,0,0,0,0
rob.bradley@enron.com,,,0,0,0,0
jennifer.thome@enron.com,,,0.186484,1,1,2
donald.lassere@enron.com,,,0,0,0,0
margo.reyna@enron.com,,,0,0,0,0
april.hrach@enron.com,,,0,0,1,1
kelly.brodbeck@enron.com,,,0.001894,1,0,1
leslie.lawner@enron.com,,,0.085099,1,0,1
rosalee.fleming@enron.com,,,0,0,0,0
michael.driscoll@enron.com,,,0,0,0,0
john.neslage@enron.com,,,0,0,0,0
wanda.curry@enron.com,,,0.186484,1,0,1
maureen.mcvicker@enron.com,,,0.286924,3,0,3
cynthia.sandherr@enron.com,,,0,0,0,0
dave.perrino@enron.com,,,0.186864,2,0,2
daniel.allegretti@enron.com,,,0.034726,1,0,1
joe.allen@enron.com,,,0.034726,1,0,1
stacey.bolton@enron.com,,,0,0,2,2
richard.ring@enron.com,,,0.007047,3,0,3
janine.migden@enron.com,,,0.085099,1,1,2
steve.montovano@enron.com,,,0.085099,1,1,2
phyllis.anzalone@enron.com,,,0,0,0,0
elizabeth.linnell@enron.com,,,0,0,1,1
steve.c.hall@enron.com,,,0,0,0,0
britt.whitman@enron.com,,,0,0,2,2
paul.dawson@enron.com,,,0,0,1,1
robert.frank@enron.com,,,0.085099,1,0,1
mark.koenig@enron.com,,,0,0,0,0
mark.davis@enron.com,,,0,0,0,0
tony.pryor@enron.com,,,0,0,0,0
jessica.presas@enron.com,,,0.069868,1,0,1
lisa.mellencamp@enron.com,,,0.186484,1,0,1
peggy.mahoney@enron.com,,,0,0,0,0
allison.navin@enron.com,,,0,0,0,0
elizabeth.sager@enron.com,,,0.021917,3,7,10
luiz.maurer@enron.com,,,0.085099,1,0,1
b..sanders@enron.com,,,0,0,4,4
j..kean@enron.com,,,0.354578,2,3,5
john.shelk@enron.com,,,0.085099,1,3,4
j..noske@enron.com,,,0.085099,1,0,1
w..cantrell@enron.com,,,0.091738,2,2,4
m..landwehr@enron.com,,,0.085099,1,1,2
jean.ryall@enron.com,,,0.085099,1,0,1
nicole.mendez@enron.com,,,0,0,1,1
marnie.lamb@enron.com,,,0,0,0,0
tammy.barta@enron.com,,,0,0,0,0
mike.curry@enron.com,,,0,0,0,0
lance.cunningham@enron.com,,,0,0,0,0
david.portz@enron.com,,,0,0,0,0
kate.symes@enron.com,,,0.017367,3,6,9
shift.dl-portland@enron.com,,,0.009182,1,0,1
bill.williams@enron.com,,,0.011077,2,4,6
john.anderson@enron.com,,,0.006698,1,0,1
todd.bland@enron.com,,,0.006698,1,0,1
craig.dean@enron.com,,,0.006698,1,0,1
lisa.gang@enron.com,,,0,0,0,0
kysa.alport@enron.com,,,0,0,3,3
mark.guzman@enron.com,,,0,0,0,0
w.duran@enron.com,,,0,0,0,0
jeff.donahue@enron.com,,,0,0,0,0
mark.frevert@enron.com,,,0,0,0,0
mike.miller@enron.com,,,0,0,0,0
robert.virgo@enron.com,,,0,0,0,0
don.miller@enron.com,,,0,0,1,1
benjamin.rogers@enron.com,,,0.001894,1,0,1
rob.walls@enron.com,,,0.006112,1,1,2
james.derrick@enron.com,,,0.00904,2,3,5
rex.rogers@enron.com,,,0.006112,1,0,1
j.harris@enron.com,,,0.006112,1,1,2
maria.pavlou@enron.com,,,0,0,0,0
peter.keohane@enron.com,,,0.031544,1,0,1
c..williams@enron.com,,,0.001894,1,0,1
stacy.dickson@enron.com,,,0,0,0,0
gregg.penman@enron.com,,,0,0,0,0
dan.hyvl@enron.com,,,0,0,0,0
lorraine.lindberg@enron.com,,,0.013558,1,2,3
michelle.lokay@enron.com,,,0.020143,2,0,2
ramona.betancourt@enron.com,,,0,0,0,0
jan.moore@enron.com,,,0.029032,2,1,3
lorna.brennan@enron.com,,,0,0,1,1
bill.rapp@enron.com,,,0,0,0,0
perry.frazier@enron.com,,,0,0,0,0
mark.mcconnell@enron.com,,,0.013558,1,0,1
mansoor.abdmoulaie@enron.com,,,0,0,0,0
michael.ratner@enron.com,,,0,0,0,0
jeanette.doll@enron.com,,,0,0,0,0
craig.taylor@enron.com,,,0,0,0,0
larry.may@enron.com,,,0,0,0,0
dan.dorland@enron.com,,,0.001894,1,0,1
chris.lambie@enron.com,,,0,0,0,0
john.zufferli@enron.com,,,0,0,1,1
cooper.richey@enron.com,,,0,0,0,0
mike.cowan@enron.com,,,0,0,0,0
monique.sanchez@enron.com,,,0.001894,1,0,1
mark.whitt@enron.com,,,0.127291,4,4,8
anne.bike@enron.com,,,0.003789,2,0,2
tyrell.harrison@enron.com,,,0,0,1,1
t..lucci@enron.com,,,0.031182,1,1,2
megan.parker@enron.com,,,0.003867,1,1,2
gary.hanks@enron.com,,,0,0,0,0
lee.papayoti@enron.com,,,0,0,0,0
mary.poorman@enron.com,,,0,0,0,0
aimee.lannou@enron.com,,,0,0,0,0
yvette.connevey@enron.com,,,0,0,0,0
pat.clynes@enron.com,,,0,0,0,0
ami.chokshi@enron.com,,,0,0,0,0
robert.cotten@enron.com,,,0,0,0,0
vance.taylor@enron.com,,,0,0,0,0
lisa.csikos@enron.com,,,0,0,0,0
mary.smith@enron.com,,,0,0,0,0
katherine.herrera@enron.com,,,0,0,0,0
mark.mccoy@enron.com,,,0,0,0,0
jackie.young@enron.com,,,0,0,0,0
cheryl.dudley@enron.com,,,0,0,0,0
lauri.allen@enron.com,,,0,0,0,0
stacey.neuweiler@enron.com,,,0,0,0,0
gary.lamphier@enron.com,,,0,0,0,0
tom.acton@enron.com,,,0,0,0,0
susan.trevino@enron.com,,,0,0,0,0
julie.meyers@enron.com,,,0,0,0,0
edward.terry@enron.com,,,0,0,0,0
j..farmer@enron.com,,,0.003867,1,1,2
scott.palmer@enron.com,,,0,0,0,0
michael.olsen@enron.com,,,0,0,0,0
h..foster@enron.com,,,0,0,0,0
george.phillips@enron.com,,,0,0,0,0
kim.melodick@enron.com,,,0.003258,1,1,2
joe.capasso@enron.com,,,0.003258,1,0,1
l..day@enron.com,,,0.003258,1,0,1
jeffrey.miller@enron.com,,,0,0,0,0
martha.benner@enron.com,,,0,0,0,0
mary.miller@enron.com,,,0,0,0,0
bill.cordes@enron.com,,,0,0,0,0
steve.hotte@enron.com,,,0,0,0,0
dorothy.mccoppin@enron.com,,,0,0,0,0
michael.moran@enron.com,,,0,0,0,0
lee.huber@enron.com,,,0,0,0,0
kathy.ringblom@enron.com,,,0,0,0,0
dari.dornan@enron.com,,,0,0,0,0
denise.lagesse@enron.com,,,0,0,0,0
christine.stokes@enron.com,,,0,0,0,0
michael.frazier@enron.com,,,0,0,0,0
settlements.ees@enron.com,,,0,0,0,0
rob.gay@enron.com,,,0,0,0,0
richard.lammers@enron.com,,,0,0,0,0
tracee.bersani@enron.com,,,0,0,0,0
patti.sullivan@enron.com,,,0.001894,1,0,1
randall.gay@enron.com,,,0,0,0,0
george.smith@enron.com,,,0,0,0,0
matt.smith@enron.com,,,0,0,0,0
mary.botello@enron.com,,,0.015474,1,0,1
james.weitekamp@enron.com,,,0.015474,1,0,1
steve.kleb@enron.com,,,0,0,0,0
kathy.campos@enron.com,,,0.015474,1,0,1
jennifer.lev@enron.com,,,0.015474,1,0,1
elaine.concklin@enron.com,,,0,0,0,0
john.keiser@enron.com,,,0.015474,1,0,1
steve.gilbert@enron.com,,,0.030143,2,0,2
morris.brassfield@enron.com,,,0.014669,1,1,2
jerry.peters@enron.com,,,0,0,0,0
judy.townsend@enron.com,,,0,0,0,0
angie.zeman@enron.com,,,0,0,0,0
dick.jenkins@enron.com,,,0,0,0,0
marde.driscoll@enron.com,,,0,0,0,0
jim.homco@enron.com,,,0,0,0,0
crystal.hyde@enron.com,,,0,0,0,0
alicia.perkins@enron.com,,,0,0,0,0
brenda.fletcher@enron.com,,,0,0,0,0
cynthia.franklin@enron.com,,,0,0,0,0
susan.pereira@enron.com,,,0,0,0,0
sherry.anastas@enron.com,,,0,0,0,0
victoria.versen@enron.com,,,0,0,0,0
alvin.thompson@enron.com,,,0,0,0,0
beverly.beaty@enron.com,,,0,0,0,0
john.singer@enron.com,,,0.01606,1,0,1
scott.goodell@enron.com,,,0,0,0,0
katherine.kelly@enron.com,,,0,0,0,0
mary.franklin@enron.com,,,0,0,0,0
joann.collins@enron.com,,,0,0,0,0
gloria.barkowsky@enron.com,,,0,0,0,0
kimberly.brown@enron.com,,,0,0,0,0
robert.allwein@enron.com,,,0,0,0,0
joan.veselack@enron.com,,,0,0,0,0
jesse.villarreal@enron.com,,,0,0,0,0
dan.junek@enron.com,,,0,0,0,0
molly.johnson@enron.com,,,0,0,0,0
david.oliver@enron.com,,,0,0,0,0
sylvia.campos@enron.com,,,0,0,0,0
marlene.hilliard@enron.com,,,0,0,0,0
heidi.griffith@enron.com,,,0,0,0,0
wade.price@enron.com,,,0,0,0,0
elizabeth.hernandez@enron.com,,,0,0,0,0
scott.hendrickson@enron.com,,,0,0,0,0
jeff.westover@enron.com,,,0,0,0,0
robin.barbe@enron.com,,,0,0,0,0
kimat.singla@enron.com,,,0.003258,1,0,1
mark.breese@enron.com,,,0,0,0,0
jeffrey.porter@enron.com,,,0,0,0,0
steve.gillespie@enron.com,,,0,0,0,0
clarissa.garcia@enron.com,,,0,0,0,0
darla.saucier@enron.com,,,0.001894,1,0,1
michael.garred@enron.com,,,0,0,0,0
dave.scott@enron.com,,,0,0,0,0
maria.garza@enron.com,,,0,0,0,0
lia.halstead@enron.com,,,0,0,0,0
joan.quick@enron.com,,,0,0,0,0
ruth.concannon@enron.com,,,0,0,0,0
priscilla.hamic@enron.com,,,0,0,0,0
ed.mcmichael@enron.com,,,0,0,0,0
l..kelly@enron.com,,,0,0,0,0
margaret.dhont@enron.com,,,0,0,0,0
rita.wynne@enron.com,,,0,0,0,0
kay.mann@enron.com,,,0.02852,4,9,13
troy.denetsosie@enron.com,,,0,0,0,0
daniel.quezada@enron.com,,,0,0,0,0
doug.sewell@enron.com,,,0,0,0,0
carole.frank@enron.com,,,0.001894,1,0,1
dawn.kenne@enron.com,,,0,0,0,0
chris.walker@enron.com,,,0,0,0,0
jason.wolfe@enron.com,,,0,0,0,0
jackson.logan@enron.com,,,0,0,0,0
c..gossett@enron.com,,,0,0,2,2
w..white@enron.com,,,0.009576,2,2,4
d..winfree@enron.com,,,0,0,0,0
kevin.bosse@enron.com,,,0,0,0,0
russ.severson@enron.com,,,0,0,0,0
laura.luce@enron.com,,,0,0,1,1
chris.hilgert@enron.com,,,0.04634,1,1,2
justin.rostant@enron.com,,,0,0,0,0
melba.lozano@enron.com,,,0.001894,1,0,1
elizabeth.shim@enron.com,,,0.001894,1,0,1
geir.solberg@enron.com,,,0,0,0,0
portland.shift@enron.com,,,0,0,0,0
bill.iii@enron.com,,,0,0,0,0
neil.bresnan@enron.com,,,0,0,0,0
bruce.lundstrom@enron.com,,,0,0,0,0
barbara.gray@enron.com,,,0,0,0,0
jeffrey.hodge@enron.com,,,0.044282,2,0,2
paul.simons@enron.com,,,0,0,0,0
steve.hall@enron.com,,,0,0,1,1
chris.long@enron.com,,,0,0,1,1
joseph.sutton@enron.com,,,0,0,0,0
brent.hendry@enron.com,,,0,0,1,1
travis.mccullough@enron.com,,,0.009867,1,0,1
deb.korkmas@enron.com,,,0,0,0,0
ann.white@enron.com,,,0,0,0,0
dan.lyons@enron.com,,,0,0,0,0
legal <.hall@enron.com>,,,0,0,1,1
dorie.hitchcock@enron.com,,,0,0,2,2
andrew.edison@enron.com,,,0,0,1,1
orlando.gonzalez@enron.com,,,0,0,0,0
carol.st.@enron.com,,,0.009867,1,0,1
ron.matthews@enron.com,,,0,0,0,0
paul.y'barbo@enron.com,,,0.013558,1,0,1
jim.piro@enron.com,,,0,0,0,0
donna.lowry@enron.com,,,0,0,0,0
tom.doukas@enron.com,,,0.047964,1,1,2
joanne.rozycki@enron.com,,,0.047964,1,0,1
paul.radous@enron.com,,,0,0,0,0
edward.sacks@enron.com,,,0.047964,1,0,1
esmeralda.gonzalez@enron.com,,,0,0,0,0
tracy.ngo@enron.com,,,0.047964,1,1,2
legal <.taylor@enron.com>,,,0,0,4,4
n..gray@enron.com,,,0.001894,1,0,1
mark.greenberg@enron.com,,,0.033439,2,1,3
veronica.espinoza@enron.com,,,0.01606,1,0,1
tanya.rohauer@enron.com,,,0.096768,3,1,4
<.williams@enron.com>,,,0.035214,3,0,3
cindy.richardson@enron.com,,,0.01726,1,0,1
robbi.rossi@enron.com,,,0.01726,1,0,1
sandra.mcnichols@enron.com,,,0,0,0,0
carolyn.gilley@enron.com,,,0,0,0,0
leslie.smith@enron.com,,,0,0,0,0
brenna.neves@enron.com,,,0,0,0,0
judy.hernandez@enron.com,,,0,0,0,0
angela.barnett@enron.com,,,0,0,0,0
regina.blackshear@enron.com,,,0,0,0,0
yvonne.acosta@enron.com,,,0,0,0,0
debbie.brackett@enron.com,,,0,0,0,0
william.bradford@enron.com,,,0,0,0,0
janet.wallis@enron.com,,,0,0,0,0
andrea.calo@enron.com,,,0.031544,1,0,1
mary.ogden@enron.com,,,0.04634,1,0,1
sheila.tweed@enron.com,,,0.012737,1,0,1
jeffrey.keeler@enron.com,,,0,0,0,0
james.prentice@enron.com,,,0,0,0,0
ted.robinson@enron.com,,,0,0,0,0
susan.wadle@enron.com,,,0,0,0,0
dennis.alters@enron.com,,,0,0,0,0
doug.cebryk@enron.com,,,0,0,0,0
david.roensch@enron.com,,,0.001894,1,0,1
grant.oh@enron.com,,,0,0,0,0
phil.demoes@enron.com,,,0,0,0,0
kim.ward@enron.com,,,0,0,0,0
debra.perlingiere@enron.com,,,0.050129,3,11,14
jason.williams@enron.com,,,0,0,0,0
ellen.wallumrod@enron.com,,,0.01606,1,1,2
dave.fuller@enron.com,,,0.069868,1,1,2
pat.radford@enron.com,,,0,0,0,0
steve.hooser@enron.com,,,0,0,0,0
russell.diamond@enron.com,,,0.01606,1,0,1
jenny.helton@enron.com,,,0,0,0,0
dan.bump@enron.com,,,0,0,0,0
shonnie.daniel@enron.com,,,0,0,0,0
bob.bowen@enron.com,,,0.02702,1,0,1
mary.gray@enron.com,,,0,0,0,0
andrea.guillen@enron.com,,,0.02702,1,0,1
lisa.gillette@enron.com,,,0.001894,1,0,1
tom.moran@enron.com,,,0.031544,1,0,1
stephanie.sever@enron.com,,,0.031544,1,3,4
shari.stack@enron.com,,,0,0,0,0
samuel.schott@enron.com,,,0,0,2,2
walter.guidroz@enron.com,,,0,0,0,0
karen.lambert@enron.com,,,0.013549,2,0,2
larry.hunter@enron.com,,,0,0,0,0
greg.johnston@enron.com,,,0,0,0,0
carol.clair@enron.com,,,0,0,1,1
molly.harris@enron.com,,,0,0,0,0
frank.davis@enron.com,,,0,0,0,0
harry.collins@enron.com,,,0,0,0,0
kay.young@enron.com,,,0.031544,1,2,3
cheryl.johnson@enron.com,,,0,0,0,0
amelia.alland@enron.com,,,0,0,0,0
leslie.hansen@enron.com,,,0.009867,1,1,2
jeff.blumenthal@enron.com,,,0,0,0,0
susan.musch@enron.com,,,0,0,0,0
david.minns@enron.com,,,0,0,0,0
daniel.diamond@enron.com,,,0,0,1,1
lisa.lees@enron.com,,,0.031544,1,0,1
edmund.cooper@enron.com,,,0,0,0,0
camille.gerard@enron.com,,,0,0,0,0
bob.shults@enron.com,,,0,0,1,1
michael.neves@enron.com,,,0,0,0,0
marcus.nettelton@enron.com,,,0,0,1,1
taffy.milligan@enron.com,,,0,0,0,0
nidia.mendoza@enron.com,,,0,0,0,0
anthony.campos@enron.com,,,0,0,0,0
matthew.dawson@enron.com,,,0,0,0,0
georgi.landau@enron.com,,,0,0,1,1
justin.boyd@enron.com,,,0,0,0,0
greg.whiting@enron.com,,,0,0,0,0
jefferson.sorenson@enron.com,,,0,0,0,0
kelly.lombardi@enron.com,,,0.011655,1,0,1
john.allario@enron.com,,,0,0,1,1
dave.samuels@enron.com,,,0,0,0,0
clement.abrams@enron.com,,,0,0,0,0
susan.flynn@enron.com,,,0,0,0,0
julie.ferrara@enron.com,,,0,0,0,0
rahil.jafry@enron.com,,,0,0,1,1
john.suttle@enron.com,,,0,0,0,0
wendi.lebrocq@enron.com,,,0,0,1,1
brad.schneider@enron.com,,,0,0,0,0
rod.nelson@enron.com,,,0,0,0,0
john.malowney@enron.com,,,0,0,0,0
brenda.whitehead@enron.com,,,0,0,0,0
<.taylor@enron.com>,,,0.053116,3,0,3
shirley.crenshaw@enron.com,,,0.003789,2,0,2
stinson.gibner@enron.com,,,0.001894,1,0,1
vince.kaminski@enron.com,,,0,0,2,2
anjam.ahmad@enron.com,,,0,0,0,0
kevin.moore@enron.com,,,0,0,0,0
mike.roberts@enron.com,,,0,0,0,0
zimin.lu@enron.com,,,0,0,0,0
steven.leppard@enron.com,,,0,0,0,0
gary.hickerson@enron.com,,,0,0,0,0
ravi.thuraisingham@enron.com,,,0,0,0,0
pinnamaneni.krishnarao@enron.com,,,0,0,0,0
grant.masson@enron.com,,,0,0,0,0
celeste.roberts@enron.com,,,0,0,0,0
alex.huang@enron.com,,,0,0,0,0
kenneth.parkhill@enron.com,,,0,0,0,0
clayton.vernon@enron.com,,,0,0,0,0
vasant.shanbhogue@enron.com,,,0.001894,1,0,1
tanya.tamarchenko@enron.com,,,0,0,0,0
molly.magee@enron.com,,,0,0,0,0
christie.patrick@enron.com,,,0,0,0,0
william.smith@enron.com,,,0,0,0,0
kevin.kindall@enron.com,,,0,0,0,0
joseph.hrgovcic@enron.com,,,0,0,0,0
norma.villarreal@enron.com,,,0,0,0,0
anita.dupont@enron.com,,,0,0,0,0
elena.chilkina@enron.com,,,0,0,0,0
sheila.walton@enron.com,,,0,0,0,0
stephen.stock@enron.com,,,0,0,0,0
kristin.gandy@enron.com,,,0,0,0,0
j.kaminski@enron.com,,,0,0,3,3
robert.johnston@enron.com,,,0,0,0,0
a..roberts@enron.com,,,0.001894,1,0,1
martin.lin@enron.com,,,0,0,0,0
anne.labbe@enron.com,,,0,0,0,0
pr <.palmer@enron.com>,,,0,0,0,0
marie.hejka@enron.com,,,0,0,0,0
michael.terraso@enron.com,,,0,0,0,0
lora.sullivan@enron.com,,,0,0,0,0
laura.glenn@enron.com,,,0,0,0,0
ann.schmidt@enron.com,,,0,0,0,0
sherri.sera@enron.com,,,0,0,0,0
nicholas.o'day@enron.com,,,0,0,0,0
kelly.kimberly@enron.com,,,0,0,0,0
robert.hemstock@enron.com,,,0,0,0,0
john.ambler@enron.com,,,0,0,0,0
eric.benson@enron.com,,,0,0,0,0
peter.styles@enron.com,,,0,0,1,1
dan.leff@enron.com,,,0,0,0,0
terrie.james@enron.com,,,0,0,1,1
lisa.jacobson@enron.com,,,0,0,2,2
trevor.woods@enron.com,,,0.001894,1,1,2
e.taylor@enron.com,,,0.007047,3,0,3
<.palmer@enron.com>,,,0,0,0,0
aleck.dadson@enron.com,,,0,0,1,1
amr.ibrahim@enron.com,,,0,0,1,1
norman.lee@enron.com,,,0,0,0,0
casey.evans@enron.com,,,0.006229,1,0,1
no.address@enron.com,,,0,0,1,1
kal.shah@enron.com,,,0,0,0,0
joseph.deffner@enron.com,,,0,0,1,1
geoff.storey@enron.com,,,0.001894,1,0,1
jean.mrha@enron.com,,,0,0,1,1
faith.killen@enron.com,,,0,0,1,1
ben.jacoby@enron.com,,,0.012737,1,2,3
richard.lydecker@enron.com,,,0,0,0,0
savita.puthigai@enron.com,,,0,0,0,0
david.duran@enron.com,,,0.001894,1,0,1
brad.richter@enron.com,,,0,0,1,1
zhiyong.wei@enron.com,,,0,0,3,3
jaime.williams@enron.com,,,0,0,1,1
steve.nat@enron.com,,,0,0,0,0
a..allen@enron.com,,,0,0,0,0
mark.pickering@enron.com,,,0.001894,1,0,1
kimberly.hillis@enron.com,,,0,0,0,0
brad.mckay@enron.com,,,0,0,0,0
chris.gaskill@enron.com,,,0,0,0,0
s..shively@enron.com,,,0,0,0,0
lavorato@enron.com,,,0,0,0,0
market.team@enron.com,,,0,0,0,0
bullets@enron.com,,,0,0,0,0
dennis.lee@enron.com,,,0,0,0,0
controllers.dl-ets@enron.com,,,0.001894,1,0,1
jimmy.simien@enron.com,,,0,0,0,0
victor.guggenheim@enron.com,,,0,0,0,0
b.palmer@enron.com,,,0,0,0,0
cathy.sprowls@enron.com,,,0,0,0,0
kristen.clause@enron.com,,,0,0,0,0
edward.brady@enron.com,,,0.004365,1,0,1
stephanie.hopkins@enron.com,,,0.004365,1,0,1
theresa.staab@enron.com,,,0.031182,1,0,1
rusty.stevens@enron.com,,,0,0,0,0
suzanne.adams@enron.com,,,0.012737,1,0,1
roseann.engeldorf@enron.com,,,0.012737,1,0,1
lisa.bills@enron.com,,,0,0,0,0
reagan.rorschach@enron.com,,,0.012737,1,1,2
brian.barto@enron.com,,,0,0,0,0
john.rigby@enron.com,,,0,0,0,0
john.schwartzenburg@enron.com,,,0,0,0,0
heather.kroll@enron.com,,,0,0,0,0
stuart.zisman@enron.com,,,0,0,0,0
carlos.sole@enron.com,,,0.012737,1,0,1
jeffrey.keenan@enron.com,,,0,0,0,0
herman.manis@enron.com,,,0,0,0,0
kathleen.carnahan@enron.com,,,0.012737,1,1,2
matt.maxwell@enron.com,,,0,0,0,0
jeffery.ader@enron.com,,,0,0,0,0
kathleen.clark@enron.com,,,0,0,0,0
scott.healy@enron.com,,,0,0,0,0
matthew.gockerman@enron.com,,,0,0,0,0
barton.clark@enron.com,,,0,0,0,0
scott.dieball@enron.com,,,0,0,0,0
fred.mitro@enron.com,,,0,0,0,0
mitch.robinson@enron.com,,,0,0,0,0
chris.booth@enron.com,,,0.012737,1,0,1
dale.rasmussen@enron.com,,,0,0,0,0
bob.carter@enron.com,,,0,0,0,0
ed.iii@enron.com,,,0,0,0,0
karen.jones@enron.com,,,0,0,0,0
catherine.clark@enron.com,,,0,0,0,0
rebecca.walker@enron.com,,,0,0,0,0
david.fairley@enron.com,,,0,0,0,0
britt.davis@enron.com,,,0,0,0,0
jay.fitzgerald@enron.com,,,0,0,0,0
eric.gonzales@enron.com,,,0,0,0,0
larry.lawyer@enron.com,,,0,0,0,0
jeffrey.mcmahon@enron.com,,,0,0,0,0
philippe.bibi@enron.com,,,0,0,0,0
john.nowlan@enron.com,,,0,0,0,0
doug.leach@enron.com,,,0,0,0,0
joseph.hirl@enron.com,,,0,0,2,2
george.mcclellan@enron.com,,,0,0,0,0
john.sherriff@enron.com,,,0,0,0,0
shanna.funkhouser@enron.com,,,0,0,0,0
chris.mahoney@enron.com,,,0,0,0,0
kate.joslyn@enron.com,,,0.001894,1,0,1
mark.dickin@enron.com,,,0,0,0,0
shannon.mcpearson@enron.com,,,0,0,0,0
torrey.moorer@enron.com,,,0,0,0,0
kori.loibl@enron.com,,,0,0,0,0
joey.taylor@enron.com,,,0,0,0,0
sherry.dawson@enron.com,,,0,0,0,0
e..dickson@enron.com,,,0.01606,1,0,1
darren.vanek@enron.com,,,0.01606,1,0,1
l..mims@enron.com,,,0,0,1,1
hunter.shively@enron.com,,,0,0,0,0
frank.vickers@enron.com,,,0,0,0,0
chris.meyer@enron.com,,,0,0,0,0
joe.parks@enron.com,,,0,0,0,0
brian.bierbach@enron.com,,,0,0,0,0
mark.castiglione@enron.com,,,0,0,0,0
arvel.martin@enron.com,,,0,0,0,0
mark.courtney@enron.com,,,0,0,0,0
eric.gillaspie@enron.com,,,0,0,0,0
mark.knippa@enron.com,,,0,0,0,0
staci.holtzman@enron.com,,,0,0,0,0
brian.hendon@enron.com,,,0,0,0,0
ned.higgins@enron.com,,,0,0,0,0
andrew.miles@enron.com,,,0,0,0,0
rudwell.johnson@enron.com,,,0,0,1,1
judy.thorne@enron.com,,,0.04634,1,1,2
rakhi.israni@enron.com,,,0.04634,1,1,2
alisha.mahabir@enron.com,,,0.01606,1,0,1
credit <.williams@enron.com>,,,0,0,1,1
gregory.schockling@enron.com,,,0,0,0,0
leslie.robinson@enron.com,,,0,0,0,0
stacey.richardson@enron.com,,,0.01606,1,0,1
cyndie.balfour-flanagan@enron.com,,,0,0,0,0
judy.walters@enron.com,,,0,0,0,0
allison.mchenry@enron.com,,,0,0,0,0
maureen.smith@enron.com,,,0,0,0,0
nony.flores@enron.com,,,0,0,0,0
sylvia.pollan@enron.com,,,0,0,0,0
deirdre.mccaffrey@enron.com,,,0,0,0,0
kaye.ellis@enron.com,,,0,0,0,0
tammi.depaolis@enron.com,,,0,0,0,0
ann.osire@enron.com,,,0.01606,1,0,1
c..hall@enron.com,,,0,0,0,0
michael.roan@enron.com,,,0.085099,1,0,1
john.suarez@enron.com,,,0.003867,1,0,1
billy.braddock@enron.com,,,0,0,0,0
kay.quigley@enron.com,,,0.00584,1,1,2
michele.winckowski@enron.com,,,0,0,0,0
heather.mathis@enron.com,,,0,0,1,1
elliot.mainzer@enron.com,,,0.001894,1,1,2
robin.rodrigue@enron.com,,,0,0,0,0
becky.pitre@enron.com,,,0,0,0,0
jinsung.myung@enron.com,,,0,0,0,0
jonathan.hoff@enron.com,,,0,0,0,0
brandon.neff@enron.com,,,0,0,0,0
donald.black@enron.com,,,0,0,0,0
clement.lau@enron.com,,,0,0,0,0
oscar.dalton@enron.com,,,0,0,0,0
amy.copeland@enron.com,,,0,0,0,0
jaime.gualy@enron.com,,,0,0,1,1
chris.gaffney@enron.com,,,0,0,0,0
alice.wright@enron.com,,,0.009867,1,0,1
janet.moore@enron.com,,,0,0,0,0
janice.moore@enron.com,,,0,0,0,0
harlan.murphy@enron.com,,,0.009867,1,0,1
c..koehler@enron.com,,,0,0,0,0
mark.fischer@enron.com,,,0,0,1,1
diane.cutsforth@enron.com,,,0,0,0,0
mike.purcell@enron.com,,,0,0,1,1
linda.guinn@enron.com,,,0,0,0,0
gail.brownfeld@enron.com,,,0.001894,1,0,1
bonnie.white@enron.com,,,0,0,0,0
john.postlethwaite@enron.com,,,0.006229,1,1,2
e..anderson@enron.com,,,0,0,0,0
judy.beck@enron.com,,,0,0,0,0
ken.anderson@enron.com,,,0,0,0,0
ted.noble@enron.com,,,0,0,0,0
darren.maloney@enron.com,,,0,0,0,0
wilson.kriegel@enron.com,,,0,0,0,0
tobin.carlson@enron.com,,,0,0,0,0
gary.stadler@enron.com,,,0,0,0,0
mary.darveaux@enron.com,,,0,0,0,0
m..scott@enron.com,,,0,0,2,2
will.smith@enron.com,,,0,0,1,1
corry.bentley@enron.com,,,0,0,1,1
jorge.garcia@enron.com,,,0,0,0,0
stewart.rosman@enron.com,,,0,0,0,0
lynn.aven@enron.com,,,0,0,0,0
clint.freeland@enron.com,,,0.047964,1,0,1
jeff.nogid@enron.com,,,0.047964,1,0,1
frank.sayre@enron.com,,,0.047964,1,0,1
elizabeth.serralheiro@enron.com,,,0,0,0,0
ellen.su@enron.com,,,0,0,0,0
melissa.murphy@enron.com,,,0,0,0,0
jarrod.cyprow@enron.com,,,0,0,0,0
jason.peters@enron.com,,,0,0,0,0
alexandra.saler@enron.com,,,0,0,0,0
a..shankman@enron.com,,,0.001894,1,0,1
paul.hennemeyer@enron.com,,,0,0,0,0
charles.yeung@enron.com,,,0.085099,1,0,1
steve.walton@enron.com,,,0,0,0,0
susan.lindberg@enron.com,,,0.085099,1,0,1
jose.bestard@enron.com,,,0.085099,1,0,1
airam.arteaga@enron.com,,,0,0,0,0
chris.hyde@enron.com,,,0,0,0,0
g..barkowsky@enron.com,,,0,0,0,0
evan.hughes@enron.com,,,0,0,0,0
p..o'neil@enron.com,,,0.003867,1,1,2
chris.stokley@enron.com,,,0.003867,1,1,2
sharen.cason@enron.com,,,0.009182,1,1,2
stephanie.piwetz@enron.com,,,0.009182,1,1,2
kerri.thompson@enron.com,,,0,0,0,0
evelyn.metoyer@enron.com,,,0.009182,1,0,1
kimberly.hundl@enron.com,,,0.009182,1,0,1
mollie.gustafson@enron.com,,,0,0,0,0
john.viverito@enron.com,,,0,0,0,0
mary.schoen@enron.com,,,0,0,1,1
phil.polsky@enron.com,,,0,0,1,1
v.weldon@enron.com,,,0,0,0,0
mark.schlueter@enron.com,,,0,0,0,0
sonia.hennessy@enron.com,,,0,0,0,0
andrea.dahlke@enron.com,,,0,0,0,0
grace.rodriguez@enron.com,,,0,0,1,1
nella.cappelletto@enron.com,,,0,0,0,0
