Id,Label,timeset,eigencentrality,indegree,outdegree,degree
phillip.allen@enron.com,,,0.045845,3,5,8
keith.holst@enron.com,,,0.010249,2,0,2
ina.rangel@enron.com,,,0.028448,4,1,5
john.lavorato@enron.com,,,0.28767,16,10,26
mike.grigsby@enron.com,,,0.007774,1,12,13
frank.ermis@enron.com,,,0.010249,2,0,2
matthew.lenhart@enron.com,,,0.010366,2,8,10
stephanie.miller@enron.com,,,0.172053,3,3,6
jeff.dasovich@enron.com,,,0.907243,39,49,88
sarah.novosel@enron.com,,,0.168868,4,4,8
james.steffes@enron.com,,,0.603154,19,14,33
steven.kean@enron.com,,,0.460448,19,20,39
richard.shapiro@enron.com,,,0.603676,33,7,40
k..allen@enron.com,,,0.002475,1,1,2
kathie.grabstald@enron.com,,,0,0,2,2
louise.kitchen@enron.com,,,0.572995,38,6,44
john.arnold@enron.com,,,0.126017,4,16,20
l..gay@enron.com,,,0.002475,1,0,1
karen.buckley@enron.com,,,0,0,1,1
m..tholt@enron.com,,,0.00476,1,1,2
jay.reitmeyer@enron.com,,,0.003212,1,0,1
dutch.quigley@enron.com,,,0.137447,3,1,4
mike.maggi@enron.com,,,0.016353,1,0,1
rob.milnthorp@enron.com,,,0.014117,1,0,1
tim.belden@enron.com,,,0.241662,10,3,13
f..calger@enron.com,,,0.07902,2,1,3
andy.zipper@enron.com,,,0.260951,6,1,7
john.griffith@enron.com,,,0.016353,1,0,1
jennifer.fraser@enron.com,,,0.022471,2,0,2
caroline.abramo@enron.com,,,0.016353,1,0,1
jeanie.slone@enron.com,,,0.016353,1,0,1
frank.hayden@enron.com,,,0,0,0,0
david.forster@enron.com,,,0.224975,2,3,5
kenny.soignet@enron.com,,,0,0,0,0
berney.aucoin@enron.com,,,0,0,0,0
sarah.wesner@enron.com,,,0.134132,2,0,2
matthew.arnold@enron.com,,,0.016353,1,0,1
margaret.allen@enron.com,,,0.016353,1,0,1
errol.mclaughlin@enron.com,,,0.017531,2,3,5
brian.hoskins@enron.com,,,0.018945,2,0,2
jennifer.burns@enron.com,,,0.006118,1,0,1
liz.taylor@enron.com,,,0.016353,1,0,1
vladimir.gorny@enron.com,,,0.016353,1,0,1
david.oxley@enron.com,,,0.05806,3,2,5
lara.leibman@enron.com,,,0,0,1,1
paul.kaufman@enron.com,,,0.362753,6,4,10
houston <.ward@enron.com>,,,0,0,3,3
gerald.nemec@enron.com,,,0.239401,27,23,50
tori.kuykendall@enron.com,,,0.002475,1,0,1
<.ward@enron.com>,,,0,0,0,0
mary.hain@enron.com,,,0.240287,4,11,15
carla.hoffman@enron.com,,,0,0,0,0
robert.badeer@enron.com,,,0.065431,3,0,3
jeff.richter@enron.com,,,0,0,0,0
chris.foster@enron.com,,,0.317596,4,3,7
roger.yang@enron.com,,,0.109376,1,3,4
sandra.mccubbin@enron.com,,,0.254255,4,1,5
susan.mara@enron.com,,,0.449618,10,13,23
mona.petrochko@enron.com,,,0.122804,2,1,3
bruno.gaillard@enron.com,,,0,0,1,1
joe.hartsoe@enron.com,,,0.245156,4,1,5
heather.dunton@enron.com,,,0,0,1,1
matt.motley@enron.com,,,0.001178,1,0,1
mike.swerzbin@enron.com,,,0.007794,1,0,1
sean.crandall@enron.com,,,0.002722,1,0,1
rhonda.denton@enron.com,,,0.011462,1,5,6
dana.davis@enron.com,,,0.005613,3,0,3
genia.fitzgerald@enron.com,,,0.156961,4,1,5
mary.cook@enron.com,,,0.41603,8,7,15
angela.davis@enron.com,,,0.047796,1,0,1
brant.reves@enron.com,,,0.145952,2,7,9
susan.bailey@enron.com,,,0.573818,18,4,22
sara.shackleton@enron.com,,,0.950797,31,51,82
diane.anderson@enron.com,,,0.137376,2,1,3
alan.aronowitz@enron.com,,,0.278882,6,4,10
tana.jones@enron.com,,,1,44,62,106
stephanie.panus@enron.com,,,0.304664,5,6,11
marie.heard@enron.com,,,0.250352,4,8,12
samantha.boyd@enron.com,,,0.311329,7,4,11
becky.spencer@enron.com,,,0.042014,2,5,7
jim.armogida@enron.com,,,0.108296,1,0,1
keegan.farrell@enron.com,,,0,0,6,6
kayla.heitmeyer@enron.com,,,0.001178,1,0,1
kimberly.allen@enron.com,,,0.011462,1,1,2
holly.keiser@enron.com,,,0.108373,2,5,7
cheryl.nelson@enron.com,,,0.108296,1,3,4
laurel.adams@enron.com,,,0.341227,5,1,6
robert.bruce@enron.com,,,0.240536,4,6,10
david.baumbach@enron.com,,,0.008926,2,1,3
eric.bass@enron.com,,,0.005127,2,11,13
hector.campos@enron.com,,,0.002592,1,0,1
o'neal.winfree@enron.com,,,0.003923,1,0,1
luis.mena@enron.com,,,0.005804,2,0,2
harry.bucalo@enron.com,,,0,0,0,0
patrick.ryder@enron.com,,,0.003131,1,0,1
bryan.hull@enron.com,,,0.005804,2,0,2
timothy.blanchard@enron.com,,,0.005804,2,0,2
shanna.husser@enron.com,,,0.002592,1,1,2
phillip.love@enron.com,,,0.005724,2,7,9
laura.harder@enron.com,,,0,0,1,1
thomas.martin@enron.com,,,0.001178,1,0,1
chad.landry@enron.com,,,0.003212,1,0,1
robert.cass@enron.com,,,0.002592,1,1,2
dale.neuner@enron.com,,,0.002592,1,1,2
paul.lucci@enron.com,,,0.037656,1,0,1
a..martin@enron.com,,,0,0,2,2
laura.vuittonet@enron.com,,,0.001178,1,0,1
m..love@enron.com,,,0,0,1,1
c..giron@enron.com,,,0.001178,1,0,1
tamara.black@enron.com,,,0,0,3,3
rudy.acevedo@enron.com,,,0.001178,1,0,1
diana.allen@enron.com,,,0.001178,1,0,1
russell.ballato@enron.com,,,0.001178,1,0,1
christian.yoder@enron.com,,,0.06233,4,1,5
kayne.coulter@enron.com,,,0,0,1,1
juan.hernandez@enron.com,,,0.003533,3,0,3
christi.nicolay@enron.com,,,0.042745,2,9,11
jeff.brown@enron.com,,,0.006833,1,0,1
ron.mcnamara@enron.com,,,0.006833,1,0,1
ozzie.pagan@enron.com,,,0.022582,3,0,3
lydia.delgado@enron.com,,,0,0,1,1
johnny.palmer@enron.com,,,0,0,2,2
don.baughman@enron.com,,,0.004622,3,1,4
terri.clynes@enron.com,,,0,0,2,2
debra.bailey@enron.com,,,0,0,0,0
lloyd.will@enron.com,,,0.002956,2,1,3
jae.black@enron.com,,,0.001779,1,0,1
jay.blaine@enron.com,,,0.002853,1,0,1
matt.lorenz@enron.com,,,0.001178,1,0,1
m..forney@enron.com,,,0,0,6,6
joe.errigo@enron.com,,,0.001178,1,0,1
eric.saibi@enron.com,,,0,0,0,0
l..nicolay@enron.com,,,0.024486,1,1,2
m..presto@enron.com,,,0.001779,1,7,8
d..steffes@enron.com,,,0.198116,6,27,33
l..denton@enron.com,,,0,0,3,3
lester.rawson@enron.com,,,0.01264,2,1,3
holden.salisbury@enron.com,,,0.004711,4,0,4
john.kinser@enron.com,,,0,0,0,0
david.delainey@enron.com,,,0.092487,5,16,21
wes.colwell@enron.com,,,0.014117,1,1,2
sheila.glover@enron.com,,,0.143003,3,4,7
sally.beck@enron.com,,,0.116899,20,30,50
david.port@enron.com,,,0.015395,1,0,1
rick.buy@enron.com,,,0.096727,7,8,15
hector.mcloughlin@enron.com,,,0.021975,1,1,2
bob.hall@enron.com,,,0.021975,1,1,2
james.scribner@enron.com,,,0.026677,2,0,2
ted.murphy@enron.com,,,0.198342,5,2,7
brent.price@enron.com,,,0.028093,2,1,3
cindy.olson@enron.com,,,0.079171,2,0,2
cassandra.schultz@enron.com,,,0.015395,1,0,1
shona.wilson@enron.com,,,0.021975,1,1,2
beth.apollo@enron.com,,,0.023153,2,1,3
lexi.elliott@enron.com,,,0.021975,1,3,4
mike.mcconnell@enron.com,,,0.021227,6,17,23
mary.solmonson@enron.com,,,0.021975,1,1,2
patti.thompson@enron.com,,,0.021975,1,1,2
jeffrey.gossett@enron.com,,,0.028905,3,4,7
brenda.herod@enron.com,,,0.021975,1,3,4
jeff.smith@enron.com,,,0,0,3,3
jeffrey.shankman@enron.com,,,0.025213,3,11,14
mike.jordan@enron.com,,,0.021975,1,1,2
janet.dietrich@enron.com,,,0.014117,1,0,1
kevin.presto@enron.com,,,0.057548,3,2,5
eugenio.perez@enron.com,,,0,0,1,1
greg.whalley@enron.com,,,0.064355,5,2,7
darron.giron@enron.com,,,0.009042,2,10,12
kam.keiser@enron.com,,,0.013351,4,0,4
cathy.phillips@enron.com,,,0.006138,1,2,3
mark.haedicke@enron.com,,,0.226919,7,10,17
kristin.albrecht@enron.com,,,0.023153,2,0,2
leslie.reeves@enron.com,,,0.021975,1,1,2
richard.causey@enron.com,,,0.021975,1,0,1
fernley.dyson@enron.com,,,0.021975,1,0,1
sheri.thomas@enron.com,,,0.139754,2,1,3
peggy.hedstrom@enron.com,,,0.021975,1,1,2
michael.moscoso@enron.com,,,0,0,0,0
scott.earnest@enron.com,,,0.021975,1,0,1
barry.pearce@enron.com,,,0.021975,1,1,2
robert.superty@enron.com,,,0.023153,2,0,2
kay.chapman@enron.com,,,0.014117,1,2,3
sharron.westbrook@enron.com,,,0,0,1,1
greg.piper@enron.com,,,0.021975,1,3,4
daren.farmer@enron.com,,,0.054751,18,11,29
rick.bergsieker@enron.com,,,0.007315,2,1,3
tammie.schoppe@enron.com,,,0.077843,1,1,2
michael.beyer@enron.com,,,0.001178,1,0,1
adarsh.vakharia@enron.com,,,0,0,0,0
brian.redmond@enron.com,,,0.015295,2,1,3
leonardo.pacheco@enron.com,,,0,0,6,6
kenneth.lay@enron.com,,,0.089102,4,0,4
jeff.skilling@enron.com,,,0.044845,3,0,3
mark.palmer@enron.com,,,0.197523,7,1,8
eric.thode@enron.com,,,0.001178,1,4,5
mark.taylor@enron.com,,,0.919607,31,17,48
simone.la@enron.com,,,0,0,3,3
sunil.abraham@enron.com,,,0.001178,1,0,1
m.hall@enron.com,,,0.021975,1,0,1
jay.webb@enron.com,,,0,0,0,0
nancy.hernandez@enron.com,,,0,0,3,3
chris.abel@enron.com,,,0.001178,1,0,1
karen.denne@enron.com,,,0.24925,5,8,13
christina.valdez@enron.com,,,0.021975,1,0,1
chris.dorland@enron.com,,,0,0,1,1
michael.cowan@enron.com,,,0,0,0,0
beth.jenkins@enron.com,,,0.00228,1,0,1
jonathan.mckay@enron.com,,,0.003057,2,3,5
rogers.herndon@enron.com,,,0.001779,1,1,2
j..sturm@enron.com,,,0,0,0,0
doug.gilbert-smith@enron.com,,,0,0,0,0
rika.imai@enron.com,,,0.001779,1,0,1
raetta.zadow@enron.com,,,0.003512,1,0,1
lynn.blair@enron.com,,,0.009228,3,18,21
jean.blair@enron.com,,,0.003512,1,0,1
steve.january@enron.com,,,0,0,0,0
shelley.corman@enron.com,,,0.026471,5,3,8
john.buchanan@enron.com,,,0.003512,1,1,2
drew.fossum@enron.com,,,0.01722,1,24,25
dave.neubauer@enron.com,,,0.003383,1,0,1
rick.dietz@enron.com,,,0.003512,1,0,1
michael.bodnar@enron.com,,,0.003512,1,0,1
ava.garcia@enron.com,,,0.003512,1,0,1
elizabeth.brown@enron.com,,,0,0,2,2
a..smith@enron.com,,,0,0,0,0
helpdesk.hottap@enron.com,,,0,0,0,0
toby.kuehl@enron.com,,,0,0,0,0
bradley.holmes@enron.com,,,0.003512,1,0,1
steven.january@enron.com,,,0.003512,1,0,1
patrick.barry@enron.com,,,0,0,0,0
randy.bryan@enron.com,,,0.003512,1,0,1
bert.hernandez@enron.com,,,0,0,0,0
terry.kowalke@enron.com,,,0.003512,1,0,1
ricki.winters@enron.com,,,0.0095,2,0,2
laura.giambrone@enron.com,,,0.001178,1,0,1
sheila.nacey@enron.com,,,0.003512,1,0,1
mike.bryant@enron.com,,,0,0,0,0
larry.berger@enron.com,,,0.003512,1,0,1
jerry.graves@enron.com,,,0,0,0,0
glen.hass@enron.com,,,0.01722,1,1,2
lindy.donoho@enron.com,,,0.037988,5,1,6
sharon.brown@enron.com,,,0.003512,1,0,1
randy.janzen@enron.com,,,0,0,0,0
donna.scott@enron.com,,,0.003512,1,0,1
richard.hanagriff@enron.com,,,0.003512,1,0,1
kimberly.watson@enron.com,,,0.023426,3,9,12
tk.lohman@enron.com,,,0.023122,2,0,2
vernon.mercaldo@enron.com,,,0.003512,1,0,1
audrey.robertson@enron.com,,,0.01274,2,4,6
steven.harris@enron.com,,,0.175605,10,1,11
jodie.floyd@enron.com,,,0,0,0,0
robert.kilmer@enron.com,,,0,0,0,0
teb.lokey@enron.com,,,0,0,0,0
kevin.hyatt@enron.com,,,0.056783,8,5,13
darrell.schoolcraft@enron.com,,,0,0,4,4
gary.spraggins@enron.com,,,0,0,0,0
colleen.sullivan@enron.com,,,0.008129,2,2,4
chris.germany@enron.com,,,0.02153,8,37,45
scott.neal@enron.com,,,0.009699,2,3,5
andrea.ring@enron.com,,,0,0,1,1
victor.lamadrid@enron.com,,,0.006951,1,1,2
chuck.ames@enron.com,,,0,0,0,0
f..brawner@enron.com,,,0,0,0,0
kimberly.bates@enron.com,,,0,0,0,0
david.gorte@enron.com,,,0.015395,1,0,1
michael.tribolet@enron.com,,,0.124771,2,3,5
chip.schneider@enron.com,,,0,0,3,3
kenneth.thibodeaux@enron.com,,,0,0,0,0
s..bradford@enron.com,,,0.015395,1,1,2
l..carson@enron.com,,,0.015395,1,1,2
joannie.williamson@enron.com,,,0,0,3,3
raymond.bowen@enron.com,,,0.001178,1,0,1
london.brown@enron.com,,,0.001178,1,0,1
paula.rieker@enron.com,,,0.057197,1,0,1
j..edison@enron.com,,,0,0,3,3
a..fox@enron.com,,,0.001178,1,0,1
e..haedicke@enron.com,,,0.001178,1,0,1
stanley.horton@enron.com,,,0.01578,4,1,5
peggy.fowler@enron.com,,,0.004903,1,0,1
rod.hayslett@enron.com,,,0.020921,6,7,13
r..shepperd@enron.com,,,0,0,0,0
k..heathman@enron.com,,,0.015395,1,0,1
larry.campbell@enron.com,,,0.001779,1,3,4
leo.nichols@enron.com,,,0,0,0,0
william.kendrick@enron.com,,,0.001779,1,0,1
team.kingman-needles@enron.com,,,0,0,0,0
rich.jolly@enron.com,,,0.001178,1,0,1
team.kingman-sta1@enron.com,,,0,0,0,0
team.kingman@enron.com,,,0,0,0,0
george.robinson@enron.com,,,0,0,0,0
mike.riedel@enron.com,,,0,0,0,0
john.shafer@enron.com,,,0.001779,1,1,2
louis.soldano@enron.com,,,0.005162,2,2,4
sarita.garza@enron.com,,,0,0,0,0
randy.armstrong@enron.com,,,0,0,0,0
scott.jones@enron.com,,,0,0,0,0
rick.loveless@enron.com,,,0,0,0,0
d..thomas@enron.com,,,0,0,0,0
peter.makkai@enron.com,,,0,0,0,0
michelle.cash@enron.com,,,0.009464,4,18,22
twanda.sweet@enron.com,,,0.009892,3,0,3
felecia.acevedo@enron.com,,,0.004907,2,0,2
trey.cash@enron.com,,,0,0,1,1
kriste.sullivan@enron.com,,,0.003729,1,0,1
sharon.butcher@enron.com,,,0.010216,2,0,2
rick.johnson@enron.com,,,0.003729,1,0,1
cindy.skinner@enron.com,,,0.003729,1,0,1
brian.schaffer@enron.com,,,0.003729,1,0,1
gina.corteselli@enron.com,,,0.003729,1,0,1
amy.fitzpatrick@enron.com,,,0.003729,1,0,1
fran.mayes@enron.com,,,0.003729,1,0,1
mary.joyce@enron.com,,,0.003729,1,0,1
andrea.yowman@enron.com,,,0.003729,1,0,1
sylvia.hu@enron.com,,,0,0,4,4
ryan.seleznov@enron.com,,,0.003729,1,0,1
lizzette.palmer@enron.com,,,0.003729,1,1,2
a..hope@enron.com,,,0.003729,1,0,1
diane.goode@enron.com,,,0.003729,1,0,1
mecole.brown@enron.com,,,0.001178,1,0,1
janette.elbertson@enron.com,,,0.171063,4,5,9
david.allan@enron.com,,,0.001178,1,0,1
monika.causholli@enron.com,,,0,0,3,3
e..carter@enron.com,,,0.001178,1,0,1
teresa.aguilera-peon@enron.com,,,0.001178,1,0,1
danny.mccarty@enron.com,,,0.012856,4,2,6
james.saunders@enron.com,,,0.006093,1,1,2
eric.gadd@enron.com,,,0,0,2,2
julie.armstrong@enron.com,,,0.004361,1,1,2
james.studebaker@enron.com,,,0,0,0,0
caroline.barnes@enron.com,,,0.013133,2,0,2
robert.hayes@enron.com,,,0,0,0,0
cindy.stark@enron.com,,,0,0,3,3
bob.chandler@enron.com,,,0.003383,1,0,1
tracy.geaccone@enron.com,,,0.035277,4,10,14
a..howard@enron.com,,,0,0,0,0
alan.comnes@enron.com,,,0.286114,5,7,12
cara.semperger@enron.com,,,0.016539,4,3,7
fran.chang@enron.com,,,0.011462,1,1,2
diana.scholtes@enron.com,,,0.006516,2,2,4
virginia.thompson@enron.com,,,0.011462,1,1,2
donald.robinson@enron.com,,,0,0,0,0
ray.alvarez@enron.com,,,0.057644,2,3,5
tom.alonso@enron.com,,,0.034336,2,0,2
tim.heizenrader@enron.com,,,0,0,0,0
jill.chatterton@enron.com,,,0,0,0,0
bruce.mills@enron.com,,,0.003886,2,0,2
d..hogan@enron.com,,,0,0,1,1
bryant.frihart@enron.com,,,0,0,0,0
joseph.alamo@enron.com,,,0.175131,3,3,6
ginger.dernehl@enron.com,,,0.109376,1,8,9
jennifer.rudolph@enron.com,,,0.109376,1,0,1
janel.guerrero@enron.com,,,0.184946,4,3,7
vicki.sharp@enron.com,,,0.133862,2,1,3
robert.williams@enron.com,,,0.004985,1,0,1
sue.nord@enron.com,,,0.11542,4,5,9
barbara.hueter@enron.com,,,0.016409,2,0,2
donald_lassere@enron.net,,,0.015231,1,0,1
jeffery.fawcett@enron.com,,,0.134738,5,5,10
angela.schwarz@enron.com,,,0.109376,1,0,1
beverly.aden@enron.com,,,0.109376,1,0,1
skean@enron.com,,,0.109376,1,0,1
carmen.perez@enron.com,,,0,0,2,2
harry.kingerski@enron.com,,,0.274319,5,2,7
rebecca.cantrell@enron.com,,,0,0,1,1
barry.tycholiz@enron.com,,,0.187155,7,6,13
susan.scott@enron.com,,,0.133847,4,18,22
scott.bolton@enron.com,,,0.016409,2,3,5
susan.landwehr@enron.com,,,0.113064,2,2,4
mike.smith@enron.com,,,0.109376,1,1,2
mpalmer@enron.com,,,0.109376,1,0,1
linda.robertson@enron.com,,,0.300348,7,3,10
christopher.calger@enron.com,,,0.123493,2,2,4
david.parquet@enron.com,,,0.109376,1,1,2
tom.briggs@enron.com,,,0,0,0,0
michael.etringer@enron.com,,,0.109376,1,1,2
lisa.yoho@enron.com,,,0,0,3,3
kristin.walsh@enron.com,,,0,0,2,2
richard.sanders@enron.com,,,0.030283,2,12,14
mark.schroeder@enron.com,,,0.169956,3,2,5
lysa.akin@enron.com,,,0.109376,1,0,1
scott.stoness@enron.com,,,0,0,1,1
rob.bradley@enron.com,,,0,0,0,0
jennifer.thome@enron.com,,,0.109376,1,2,3
donald.lassere@enron.com,,,0.109376,1,0,1
margo.reyna@enron.com,,,0,0,2,2
april.hrach@enron.com,,,0,0,1,1
kelly.brodbeck@enron.com,,,0.001178,1,0,1
leslie.lawner@enron.com,,,0.133862,2,3,5
rosalee.fleming@enron.com,,,0.166573,2,1,3
michael.driscoll@enron.com,,,0.007794,1,0,1
john.neslage@enron.com,,,0,0,0,0
wanda.curry@enron.com,,,0.109376,1,1,2
maureen.mcvicker@enron.com,,,0.189099,3,2,5
cynthia.sandherr@enron.com,,,0,0,2,2
dave.perrino@enron.com,,,0.076813,2,0,2
daniel.allegretti@enron.com,,,0.013428,1,0,1
joe.allen@enron.com,,,0.013428,1,0,1
stacey.bolton@enron.com,,,0,0,2,2
richard.ring@enron.com,,,0.004021,3,0,3
janine.migden@enron.com,,,0.024486,1,2,3
steve.montovano@enron.com,,,0.024486,1,1,2
phyllis.anzalone@enron.com,,,0.052327,1,0,1
elizabeth.linnell@enron.com,,,0.057197,1,1,2
steve.c.hall@enron.com,,,0,0,0,0
britt.whitman@enron.com,,,0,0,2,2
paul.dawson@enron.com,,,0,0,1,1
robert.frank@enron.com,,,0.024486,1,0,1
mark.koenig@enron.com,,,0.057197,1,0,1
mark.davis@enron.com,,,0,0,0,0
tony.pryor@enron.com,,,0.003383,1,0,1
jessica.presas@enron.com,,,0.025021,1,0,1
lisa.mellencamp@enron.com,,,0.155281,4,2,6
peggy.mahoney@enron.com,,,0.057197,1,2,3
allison.navin@enron.com,,,0,0,1,1
elizabeth.sager@enron.com,,,0.199454,11,22,33
luiz.maurer@enron.com,,,0.024486,1,1,2
b..sanders@enron.com,,,0,0,3,3
j..kean@enron.com,,,0.186015,2,3,5
john.shelk@enron.com,,,0.024486,1,4,5
j..noske@enron.com,,,0.024486,1,0,1
w..cantrell@enron.com,,,0.026589,2,2,4
m..landwehr@enron.com,,,0.024486,1,1,2
jean.ryall@enron.com,,,0.024486,1,0,1
nicole.mendez@enron.com,,,0,0,1,1
marnie.lamb@enron.com,,,0,0,1,1
tammy.barta@enron.com,,,0,0,0,0
mike.curry@enron.com,,,0,0,0,0
lance.cunningham@enron.com,,,0,0,0,0
david.portz@enron.com,,,0.026348,1,1,2
kate.symes@enron.com,,,0.051185,11,17,28
shift.dl-portland@enron.com,,,0.011462,1,0,1
bill.williams@enron.com,,,0.017618,3,5,8
john.anderson@enron.com,,,0.004845,1,0,1
todd.bland@enron.com,,,0.004845,1,0,1
craig.dean@enron.com,,,0.004845,1,0,1
lisa.gang@enron.com,,,0,0,0,0
kysa.alport@enron.com,,,0,0,3,3
mark.guzman@enron.com,,,0.008103,2,0,2
w.duran@enron.com,,,0.014117,1,0,1
jeff.donahue@enron.com,,,0.014117,1,0,1
mark.frevert@enron.com,,,0.02192,3,0,3
mike.miller@enron.com,,,0.001178,1,0,1
robert.virgo@enron.com,,,0,0,0,0
don.miller@enron.com,,,0.003437,1,2,3
benjamin.rogers@enron.com,,,0.00655,4,4,8
rob.walls@enron.com,,,0.006487,1,1,2
james.derrick@enron.com,,,0.032075,5,4,9
rex.rogers@enron.com,,,0.114783,2,0,2
j.harris@enron.com,,,0.006487,1,1,2
maria.pavlou@enron.com,,,0.003383,1,0,1
peter.keohane@enron.com,,,0.17207,3,2,5
c..williams@enron.com,,,0.001178,1,0,1
stacy.dickson@enron.com,,,0.141402,3,2,5
gregg.penman@enron.com,,,0.032464,2,1,3
dan.hyvl@enron.com,,,0.092345,8,12,20
lorraine.lindberg@enron.com,,,0.026021,3,3,6
michelle.lokay@enron.com,,,0.038446,4,3,7
ramona.betancourt@enron.com,,,0,0,0,0
jan.moore@enron.com,,,0.012458,2,1,3
lorna.brennan@enron.com,,,0,0,4,4
bill.rapp@enron.com,,,0,0,0,0
perry.frazier@enron.com,,,0,0,0,0
mark.mcconnell@enron.com,,,0.011555,2,0,2
mansoor.abdmoulaie@enron.com,,,0,0,0,0
michael.ratner@enron.com,,,0,0,0,0
jeanette.doll@enron.com,,,0,0,0,0
craig.taylor@enron.com,,,0,0,0,0
larry.may@enron.com,,,0,0,0,0
dan.dorland@enron.com,,,0.001178,1,0,1
chris.lambie@enron.com,,,0.00228,1,0,1
john.zufferli@enron.com,,,0,0,0,0
cooper.richey@enron.com,,,0.003212,1,0,1
mike.cowan@enron.com,,,0,0,0,0
monique.sanchez@enron.com,,,0.020873,3,0,3
mark.whitt@enron.com,,,0.069111,5,4,9
anne.bike@enron.com,,,0.006784,3,0,3
tyrell.harrison@enron.com,,,0,0,3,3
t..lucci@enron.com,,,0.011516,1,1,2
megan.parker@enron.com,,,0.016708,2,2,4
gary.hanks@enron.com,,,0,0,1,1
lee.papayoti@enron.com,,,0,0,1,1
mary.poorman@enron.com,,,0.014553,1,1,2
aimee.lannou@enron.com,,,0.014553,1,1,2
yvette.connevey@enron.com,,,0,0,3,3
pat.clynes@enron.com,,,0.014553,1,1,2
ami.chokshi@enron.com,,,0.014553,1,1,2
robert.cotten@enron.com,,,0.014553,1,4,5
vance.taylor@enron.com,,,0.003923,1,0,1
lisa.csikos@enron.com,,,0.00588,2,0,2
mary.smith@enron.com,,,0.00588,2,0,2
katherine.herrera@enron.com,,,0.014553,1,1,2
mark.mccoy@enron.com,,,0,0,1,1
jackie.young@enron.com,,,0.014553,1,1,2
cheryl.dudley@enron.com,,,0,0,0,0
lauri.allen@enron.com,,,0.015405,2,0,2
stacey.neuweiler@enron.com,,,0.014553,1,0,1
gary.lamphier@enron.com,,,0,0,1,1
tom.acton@enron.com,,,0.014553,1,1,2
susan.trevino@enron.com,,,0,0,2,2
julie.meyers@enron.com,,,0.014553,1,1,2
edward.terry@enron.com,,,0.010874,2,0,2
j..farmer@enron.com,,,0.004562,1,1,2
scott.palmer@enron.com,,,0,0,0,0
michael.olsen@enron.com,,,0,0,0,0
h..foster@enron.com,,,0.001178,1,0,1
george.phillips@enron.com,,,0,0,0,0
kim.melodick@enron.com,,,0.001178,1,1,2
joe.capasso@enron.com,,,0.001178,1,0,1
l..day@enron.com,,,0.001178,1,0,1
jeffrey.miller@enron.com,,,0.001178,1,0,1
martha.benner@enron.com,,,0.003383,1,0,1
mary.miller@enron.com,,,0.020603,2,0,2
bill.cordes@enron.com,,,0.004561,2,0,2
steve.hotte@enron.com,,,0.001178,1,0,1
dorothy.mccoppin@enron.com,,,0.003383,1,0,1
michael.moran@enron.com,,,0.005905,2,0,2
lee.huber@enron.com,,,0.003383,1,0,1
kathy.ringblom@enron.com,,,0.003383,1,0,1
dari.dornan@enron.com,,,0.003383,1,0,1
denise.lagesse@enron.com,,,0.003383,1,0,1
christine.stokes@enron.com,,,0.020603,2,0,2
michael.frazier@enron.com,,,0,0,0,0
settlements.ees@enron.com,,,0,0,0,0
rob.gay@enron.com,,,0,0,0,0
richard.lammers@enron.com,,,0,0,0,0
tracee.bersani@enron.com,,,0,0,0,0
patti.sullivan@enron.com,,,0.002475,1,0,1
randall.gay@enron.com,,,0,0,2,2
george.smith@enron.com,,,0.001178,1,0,1
matt.smith@enron.com,,,0,0,1,1
mary.botello@enron.com,,,0.00704,1,0,1
james.weitekamp@enron.com,,,0.00704,1,0,1
steve.kleb@enron.com,,,0,0,0,0
kathy.campos@enron.com,,,0.00704,1,0,1
jennifer.lev@enron.com,,,0.00704,1,0,1
elaine.concklin@enron.com,,,0,0,1,1
john.keiser@enron.com,,,0.00704,1,0,1
steve.gilbert@enron.com,,,0.00704,1,0,1
morris.brassfield@enron.com,,,0.006093,1,1,2
jerry.peters@enron.com,,,0.006093,1,0,1
judy.townsend@enron.com,,,0.006951,1,1,2
angie.zeman@enron.com,,,0.006951,1,0,1
dick.jenkins@enron.com,,,0.006951,1,0,1
marde.driscoll@enron.com,,,0.006951,1,0,1
jim.homco@enron.com,,,0.006951,1,0,1
crystal.hyde@enron.com,,,0,0,0,0
alicia.perkins@enron.com,,,0.006951,1,0,1
brenda.fletcher@enron.com,,,0.006951,1,0,1
cynthia.franklin@enron.com,,,0,0,0,0
susan.pereira@enron.com,,,0,0,1,1
sherry.anastas@enron.com,,,0.006951,1,0,1
victoria.versen@enron.com,,,0.006951,1,0,1
alvin.thompson@enron.com,,,0.006951,1,0,1
beverly.beaty@enron.com,,,0.006951,1,0,1
john.singer@enron.com,,,0.016528,2,0,2
scott.goodell@enron.com,,,0.006951,1,0,1
katherine.kelly@enron.com,,,0.006951,1,0,1
mary.franklin@enron.com,,,0.006951,1,0,1
joann.collins@enron.com,,,0.006951,1,1,2
gloria.barkowsky@enron.com,,,0.006951,1,0,1
kimberly.brown@enron.com,,,0.010318,2,0,2
robert.allwein@enron.com,,,0.006951,1,0,1
joan.veselack@enron.com,,,0.006951,1,1,2
jesse.villarreal@enron.com,,,0,0,0,0
dan.junek@enron.com,,,0.006951,1,0,1
molly.johnson@enron.com,,,0.006951,1,0,1
david.oliver@enron.com,,,0,0,0,0
sylvia.campos@enron.com,,,0.006951,1,0,1
marlene.hilliard@enron.com,,,0.006951,1,0,1
heidi.griffith@enron.com,,,0,0,2,2
wade.price@enron.com,,,0.008129,2,0,2
elizabeth.hernandez@enron.com,,,0.006951,1,0,1
scott.hendrickson@enron.com,,,0.006951,1,0,1
jeff.westover@enron.com,,,0.006951,1,0,1
robin.barbe@enron.com,,,0.006951,1,0,1
kimat.singla@enron.com,,,0.006951,1,0,1
mark.breese@enron.com,,,0.006951,1,0,1
jeffrey.porter@enron.com,,,0,0,0,0
steve.gillespie@enron.com,,,0.006951,1,0,1
clarissa.garcia@enron.com,,,0,0,0,0
darla.saucier@enron.com,,,0.008129,2,1,3
michael.garred@enron.com,,,0,0,0,0
dave.scott@enron.com,,,0,0,0,0
maria.garza@enron.com,,,0,0,0,0
lia.halstead@enron.com,,,0,0,0,0
joan.quick@enron.com,,,0.037656,1,1,2
ruth.concannon@enron.com,,,0,0,0,0
priscilla.hamic@enron.com,,,0,0,0,0
ed.mcmichael@enron.com,,,0,0,0,0
l..kelly@enron.com,,,0,0,0,0
margaret.dhont@enron.com,,,0,0,0,0
rita.wynne@enron.com,,,0,0,0,0
kay.mann@enron.com,,,0.072465,13,40,53
troy.denetsosie@enron.com,,,0,0,0,0
daniel.quezada@enron.com,,,0,0,0,0
doug.sewell@enron.com,,,0,0,0,0
carole.frank@enron.com,,,0.003131,1,0,1
dawn.kenne@enron.com,,,0.00584,2,0,2
chris.walker@enron.com,,,0.003131,1,2,3
jason.wolfe@enron.com,,,0.003131,1,0,1
jackson.logan@enron.com,,,0.003131,1,0,1
c..gossett@enron.com,,,0,0,3,3
w..white@enron.com,,,0,0,1,1
d..winfree@enron.com,,,0,0,0,0
kevin.bosse@enron.com,,,0,0,0,0
russ.severson@enron.com,,,0,0,0,0
laura.luce@enron.com,,,0,0,1,1
chris.hilgert@enron.com,,,0.037656,1,1,2
justin.rostant@enron.com,,,0,0,0,0
melba.lozano@enron.com,,,0.002475,1,2,3
elizabeth.shim@enron.com,,,0,0,0,0
geir.solberg@enron.com,,,0,0,0,0
portland.shift@enron.com,,,0.004978,1,0,1
bill.iii@enron.com,,,0.011462,1,1,2
neil.bresnan@enron.com,,,0.01324,2,0,2
bruce.lundstrom@enron.com,,,0.027943,1,0,1
barbara.gray@enron.com,,,0.093837,5,1,6
jeffrey.hodge@enron.com,,,0.211479,7,0,7
paul.simons@enron.com,,,0.243434,3,1,4
steve.hall@enron.com,,,0.026348,1,2,3
chris.long@enron.com,,,0.057197,1,2,3
joseph.sutton@enron.com,,,0.001178,1,0,1
brent.hendry@enron.com,,,0.397386,5,3,8
travis.mccullough@enron.com,,,0.161487,3,3,6
deb.korkmas@enron.com,,,0,0,1,1
ann.white@enron.com,,,0.0374,1,0,1
dan.lyons@enron.com,,,0.019556,2,0,2
legal <.hall@enron.com>,,,0,0,0,0
dorie.hitchcock@enron.com,,,0,0,2,2
andrew.edison@enron.com,,,0.004985,1,1,2
orlando.gonzalez@enron.com,,,0,0,0,0
carol.st.@enron.com,,,0.026348,1,0,1
ron.matthews@enron.com,,,0,0,0,0
paul.y'barbo@enron.com,,,0.005418,1,0,1
jim.piro@enron.com,,,0,0,1,1
donna.lowry@enron.com,,,0.126137,2,0,2
tom.doukas@enron.com,,,0.108296,1,1,2
joanne.rozycki@enron.com,,,0.108296,1,0,1
paul.radous@enron.com,,,0.108296,1,4,5
edward.sacks@enron.com,,,0.108296,1,2,3
esmeralda.gonzalez@enron.com,,,0,0,1,1
tracy.ngo@enron.com,,,0.108296,1,1,2
legal <.taylor@enron.com>,,,0,0,4,4
n..gray@enron.com,,,0.001178,1,0,1
mark.greenberg@enron.com,,,0.118957,2,2,4
veronica.espinoza@enron.com,,,0.009576,1,5,6
tanya.rohauer@enron.com,,,0.255155,3,4,7
<.williams@enron.com>,,,0.039834,3,0,3
cindy.richardson@enron.com,,,0.146859,2,0,2
robbi.rossi@enron.com,,,0.02908,1,0,1
sandra.mcnichols@enron.com,,,0,0,2,2
carolyn.gilley@enron.com,,,0.001178,1,0,1
leslie.smith@enron.com,,,0.004021,3,0,3
brenna.neves@enron.com,,,0,0,2,2
judy.hernandez@enron.com,,,0.001178,1,4,5
angela.barnett@enron.com,,,0.001665,1,0,1
regina.blackshear@enron.com,,,0.001665,1,0,1
yvonne.acosta@enron.com,,,0.001665,1,0,1
debbie.brackett@enron.com,,,0.120527,2,0,2
william.bradford@enron.com,,,0.228823,3,0,3
janet.wallis@enron.com,,,0.014047,1,1,2
andrea.calo@enron.com,,,0.117779,1,0,1
mary.ogden@enron.com,,,0.037656,1,0,1
sheila.tweed@enron.com,,,0.014572,1,1,2
jeffrey.keeler@enron.com,,,0,0,2,2
james.prentice@enron.com,,,0.001178,1,0,1
ted.robinson@enron.com,,,0,0,0,0
susan.wadle@enron.com,,,0,0,0,0
dennis.alters@enron.com,,,0,0,0,0
doug.cebryk@enron.com,,,0,0,0,0
david.roensch@enron.com,,,0.001178,1,0,1
grant.oh@enron.com,,,0.014047,1,0,1
phil.demoes@enron.com,,,0.014047,1,1,2
kim.ward@enron.com,,,0.050125,2,0,2
debra.perlingiere@enron.com,,,0.054058,4,25,29
jason.williams@enron.com,,,0.009576,1,1,2
ellen.wallumrod@enron.com,,,0.023623,2,1,3
dave.fuller@enron.com,,,0.025021,1,1,2
pat.radford@enron.com,,,0.037656,1,5,6
steve.hooser@enron.com,,,0.044161,2,1,3
russell.diamond@enron.com,,,0.287354,5,4,9
jenny.helton@enron.com,,,0.014047,1,0,1
dan.bump@enron.com,,,0.037656,1,1,2
shonnie.daniel@enron.com,,,0.006505,1,3,4
bob.bowen@enron.com,,,0.22828,4,0,4
mary.gray@enron.com,,,0,0,1,1
andrea.guillen@enron.com,,,0.100924,2,0,2
lisa.gillette@enron.com,,,0.122169,3,0,3
tom.moran@enron.com,,,0.146233,3,1,4
stephanie.sever@enron.com,,,0.117779,1,4,5
shari.stack@enron.com,,,0.252424,3,3,6
samuel.schott@enron.com,,,0.133997,2,3,5
walter.guidroz@enron.com,,,0.133997,2,3,5
karen.lambert@enron.com,,,0.179847,6,0,6
larry.hunter@enron.com,,,0.226075,2,3,5
greg.johnston@enron.com,,,0.117779,1,2,3
carol.clair@enron.com,,,0.359619,4,7,11
molly.harris@enron.com,,,0,0,3,3
frank.davis@enron.com,,,0.118957,2,0,2
harry.collins@enron.com,,,0.117779,1,0,1
kay.young@enron.com,,,0.155435,2,2,4
cheryl.johnson@enron.com,,,0.117779,1,3,4
amelia.alland@enron.com,,,0.014227,1,0,1
leslie.hansen@enron.com,,,0.251323,3,2,5
jeff.blumenthal@enron.com,,,0.003817,2,0,2
susan.musch@enron.com,,,0.110268,2,0,2
david.minns@enron.com,,,0.117779,1,1,2
daniel.diamond@enron.com,,,0.117779,1,1,2
lisa.lees@enron.com,,,0.117779,1,3,4
edmund.cooper@enron.com,,,0.226075,2,0,2
camille.gerard@enron.com,,,0.117779,1,1,2
bob.shults@enron.com,,,0.117779,1,3,4
michael.neves@enron.com,,,0.117779,1,1,2
marcus.nettelton@enron.com,,,0.144128,2,2,4
taffy.milligan@enron.com,,,0.333271,3,5,8
nidia.mendoza@enron.com,,,0.006435,1,0,1
anthony.campos@enron.com,,,0.117779,1,0,1
matthew.dawson@enron.com,,,0.117779,1,1,2
georgi.landau@enron.com,,,0,0,1,1
justin.boyd@enron.com,,,0.333271,3,2,5
greg.whiting@enron.com,,,0.117779,1,0,1
jefferson.sorenson@enron.com,,,0.117779,1,0,1
kelly.lombardi@enron.com,,,0.014227,1,0,1
john.allario@enron.com,,,0,0,1,1
dave.samuels@enron.com,,,0.117779,1,1,2
clement.abrams@enron.com,,,0.226075,2,0,2
susan.flynn@enron.com,,,0.186468,3,0,3
julie.ferrara@enron.com,,,0.117779,1,0,1
rahil.jafry@enron.com,,,0.117779,1,2,3
john.suttle@enron.com,,,0.108296,1,2,3
wendi.lebrocq@enron.com,,,0,0,1,1
brad.schneider@enron.com,,,0,0,1,1
rod.nelson@enron.com,,,0.108296,1,1,2
john.malowney@enron.com,,,0,0,1,1
brenda.whitehead@enron.com,,,0.054315,2,0,2
<.taylor@enron.com>,,,0.166176,3,0,3
shirley.crenshaw@enron.com,,,0.021907,3,2,5
stinson.gibner@enron.com,,,0.026228,3,1,4
vince.kaminski@enron.com,,,0.070251,18,28,46
anjam.ahmad@enron.com,,,0,0,1,1
kevin.moore@enron.com,,,0.016596,1,3,4
mike.roberts@enron.com,,,0.020729,2,1,3
zimin.lu@enron.com,,,0.016596,1,2,3
steven.leppard@enron.com,,,0.016596,1,1,2
gary.hickerson@enron.com,,,0.028852,3,0,3
ravi.thuraisingham@enron.com,,,0,0,1,1
pinnamaneni.krishnarao@enron.com,,,0.016596,1,1,2
grant.masson@enron.com,,,0.016596,1,1,2
celeste.roberts@enron.com,,,0.016596,1,0,1
alex.huang@enron.com,,,0.016596,1,1,2
kenneth.parkhill@enron.com,,,0.016596,1,0,1
clayton.vernon@enron.com,,,0.016596,1,1,2
vasant.shanbhogue@enron.com,,,0.017774,2,1,3
tanya.tamarchenko@enron.com,,,0.016596,1,1,2
molly.magee@enron.com,,,0.016596,1,1,2
christie.patrick@enron.com,,,0.016596,1,1,2
william.smith@enron.com,,,0.016596,1,1,2
kevin.kindall@enron.com,,,0,0,1,1
joseph.hrgovcic@enron.com,,,0.016596,1,0,1
norma.villarreal@enron.com,,,0.016596,1,0,1
anita.dupont@enron.com,,,0.016596,1,0,1
elena.chilkina@enron.com,,,0.016596,1,0,1
sheila.walton@enron.com,,,0,0,0,0
stephen.stock@enron.com,,,0.016596,1,0,1
kristin.gandy@enron.com,,,0.022714,2,0,2
j.kaminski@enron.com,,,0,0,5,5
robert.johnston@enron.com,,,0,0,0,0
a..roberts@enron.com,,,0.001178,1,0,1
martin.lin@enron.com,,,0.001178,1,0,1
anne.labbe@enron.com,,,0.001178,1,0,1
pr <.palmer@enron.com>,,,0,0,0,0
marie.hejka@enron.com,,,0,0,1,1
michael.terraso@enron.com,,,0.057197,1,1,2
lora.sullivan@enron.com,,,0,0,2,2
laura.glenn@enron.com,,,0,0,1,1
ann.schmidt@enron.com,,,0,0,1,1
sherri.sera@enron.com,,,0,0,0,0
nicholas.o'day@enron.com,,,0.057197,1,1,2
kelly.kimberly@enron.com,,,0.057197,1,0,1
robert.hemstock@enron.com,,,0,0,0,0
john.ambler@enron.com,,,0,0,0,0
eric.benson@enron.com,,,0,0,1,1
peter.styles@enron.com,,,0,0,1,1
dan.leff@enron.com,,,0,0,0,0
terrie.james@enron.com,,,0,0,1,1
lisa.jacobson@enron.com,,,0,0,2,2
trevor.woods@enron.com,,,0.001178,1,1,2
e.taylor@enron.com,,,0.004021,3,0,3
<.palmer@enron.com>,,,0,0,0,0
aleck.dadson@enron.com,,,0,0,1,1
amr.ibrahim@enron.com,,,0,0,1,1
norman.lee@enron.com,,,0,0,0,0
casey.evans@enron.com,,,0,0,0,0
no.address@enron.com,,,0,0,1,1
kal.shah@enron.com,,,0,0,0,0
joseph.deffner@enron.com,,,0,0,1,1
geoff.storey@enron.com,,,0.07902,2,1,3
jean.mrha@enron.com,,,0,0,1,1
faith.killen@enron.com,,,0,0,1,1
ben.jacoby@enron.com,,,0.014572,1,2,3
richard.lydecker@enron.com,,,0,0,1,1
savita.puthigai@enron.com,,,0,0,0,0
david.duran@enron.com,,,0.001178,1,0,1
brad.richter@enron.com,,,0,0,1,1
zhiyong.wei@enron.com,,,0,0,4,4
jaime.williams@enron.com,,,0,0,1,1
steve.nat@enron.com,,,0,0,0,0
a..allen@enron.com,,,0,0,0,0
mark.pickering@enron.com,,,0.001178,1,0,1
kimberly.hillis@enron.com,,,0.041392,2,0,2
brad.mckay@enron.com,,,0.003366,1,0,1
chris.gaskill@enron.com,,,0.001178,1,0,1
s..shively@enron.com,,,0,0,0,0
lavorato@enron.com,,,0,0,3,3
market.team@enron.com,,,0.010591,1,0,1
bullets@enron.com,,,0.010591,1,0,1
dennis.lee@enron.com,,,0,0,0,0
controllers.dl-ets@enron.com,,,0.001178,1,0,1
jimmy.simien@enron.com,,,0.002708,1,0,1
victor.guggenheim@enron.com,,,0.002708,1,0,1
b.palmer@enron.com,,,0.002708,1,0,1
cathy.sprowls@enron.com,,,0,0,0,0
kristen.clause@enron.com,,,0,0,0,0
edward.brady@enron.com,,,0,0,0,0
stephanie.hopkins@enron.com,,,0,0,0,0
theresa.staab@enron.com,,,0.011516,1,1,2
rusty.stevens@enron.com,,,0.014572,1,0,1
suzanne.adams@enron.com,,,0.014572,1,1,2
roseann.engeldorf@enron.com,,,0.014572,1,1,2
lisa.bills@enron.com,,,0.014572,1,0,1
reagan.rorschach@enron.com,,,0.014572,1,1,2
brian.barto@enron.com,,,0.014572,1,0,1
john.rigby@enron.com,,,0.014572,1,0,1
john.schwartzenburg@enron.com,,,0.014572,1,0,1
heather.kroll@enron.com,,,0.014572,1,1,2
stuart.zisman@enron.com,,,0.018009,2,0,2
carlos.sole@enron.com,,,0.014572,1,1,2
jeffrey.keenan@enron.com,,,0.014572,1,0,1
herman.manis@enron.com,,,0.014572,1,0,1
kathleen.carnahan@enron.com,,,0.014572,1,1,2
matt.maxwell@enron.com,,,0.014572,1,0,1
jeffery.ader@enron.com,,,0,0,0,0
kathleen.clark@enron.com,,,0.014572,1,0,1
scott.healy@enron.com,,,0.014572,1,0,1
matthew.gockerman@enron.com,,,0.014572,1,0,1
barton.clark@enron.com,,,0.014572,1,0,1
scott.dieball@enron.com,,,0.014572,1,0,1
fred.mitro@enron.com,,,0.014572,1,1,2
mitch.robinson@enron.com,,,0.014572,1,0,1
chris.booth@enron.com,,,0.014572,1,1,2
dale.rasmussen@enron.com,,,0.014572,1,0,1
bob.carter@enron.com,,,0.014572,1,0,1
ed.iii@enron.com,,,0.014572,1,0,1
karen.jones@enron.com,,,0.014572,1,0,1
catherine.clark@enron.com,,,0.014572,1,0,1
rebecca.walker@enron.com,,,0.014572,1,0,1
david.fairley@enron.com,,,0.014572,1,1,2
britt.davis@enron.com,,,0.004985,1,1,2
jay.fitzgerald@enron.com,,,0.006138,1,0,1
eric.gonzales@enron.com,,,0.012256,2,0,2
larry.lawyer@enron.com,,,0.006138,1,0,1
jeffrey.mcmahon@enron.com,,,0.006138,1,0,1
philippe.bibi@enron.com,,,0.006138,1,0,1
john.nowlan@enron.com,,,0.012256,2,0,2
doug.leach@enron.com,,,0.006138,1,0,1
joseph.hirl@enron.com,,,0.006138,1,2,3
george.mcclellan@enron.com,,,0.006138,1,1,2
john.sherriff@enron.com,,,0.006138,1,0,1
shanna.funkhouser@enron.com,,,0.012256,2,0,2
chris.mahoney@enron.com,,,0.006118,1,0,1
kate.joslyn@enron.com,,,0.00228,1,1,2
mark.dickin@enron.com,,,0,0,1,1
shannon.mcpearson@enron.com,,,0,0,0,0
torrey.moorer@enron.com,,,0.003799,1,0,1
kori.loibl@enron.com,,,0,0,0,0
joey.taylor@enron.com,,,0,0,0,0
sherry.dawson@enron.com,,,0.003799,1,0,1
e..dickson@enron.com,,,0.009576,1,0,1
darren.vanek@enron.com,,,0.009576,1,0,1
l..mims@enron.com,,,0,0,1,1
hunter.shively@enron.com,,,0,0,2,2
frank.vickers@enron.com,,,0,0,0,0
chris.meyer@enron.com,,,0.037656,1,1,2
joe.parks@enron.com,,,0,0,0,0
brian.bierbach@enron.com,,,0.002284,1,0,1
mark.castiglione@enron.com,,,0,0,1,1
arvel.martin@enron.com,,,0.001178,1,0,1
mark.courtney@enron.com,,,0.037656,1,0,1
eric.gillaspie@enron.com,,,0.037656,1,1,2
mark.knippa@enron.com,,,0.037656,1,1,2
staci.holtzman@enron.com,,,0,0,1,1
brian.hendon@enron.com,,,0,0,0,0
ned.higgins@enron.com,,,0,0,1,1
andrew.miles@enron.com,,,0.037656,1,0,1
rudwell.johnson@enron.com,,,0,0,1,1
judy.thorne@enron.com,,,0.037656,1,1,2
rakhi.israni@enron.com,,,0.037656,1,1,2
alisha.mahabir@enron.com,,,0.009576,1,0,1
credit <.williams@enron.com>,,,0,0,1,1
gregory.schockling@enron.com,,,0,0,0,0
leslie.robinson@enron.com,,,0.001178,1,0,1
stacey.richardson@enron.com,,,0.009576,1,0,1
cyndie.balfour-flanagan@enron.com,,,0.009576,1,0,1
judy.walters@enron.com,,,0.009576,1,0,1
allison.mchenry@enron.com,,,0.009576,1,0,1
maureen.smith@enron.com,,,0,0,0,0
nony.flores@enron.com,,,0.009576,1,0,1
sylvia.pollan@enron.com,,,0.009576,1,0,1
deirdre.mccaffrey@enron.com,,,0.009576,1,0,1
kaye.ellis@enron.com,,,0.108296,1,1,2
tammi.depaolis@enron.com,,,0.009576,1,0,1
ann.osire@enron.com,,,0.009576,1,0,1
c..hall@enron.com,,,0,0,0,0
michael.roan@enron.com,,,0.024486,1,0,1
john.suarez@enron.com,,,0.001779,1,0,1
billy.braddock@enron.com,,,0,0,0,0
kay.quigley@enron.com,,,0.017093,1,1,2
michele.winckowski@enron.com,,,0.001178,1,0,1
heather.mathis@enron.com,,,0,0,1,1
elliot.mainzer@enron.com,,,0.001178,1,1,2
robin.rodrigue@enron.com,,,0,0,1,1
becky.pitre@enron.com,,,0.001178,1,0,1
jinsung.myung@enron.com,,,0.003437,1,1,2
jonathan.hoff@enron.com,,,0,0,1,1
brandon.neff@enron.com,,,0,0,0,0
donald.black@enron.com,,,0.003437,1,0,1
clement.lau@enron.com,,,0,0,0,0
oscar.dalton@enron.com,,,0,0,1,1
amy.copeland@enron.com,,,0,0,3,3
jaime.gualy@enron.com,,,0,0,0,0
chris.gaffney@enron.com,,,0.026348,1,0,1
alice.wright@enron.com,,,0.026348,1,0,1
janet.moore@enron.com,,,0.026348,1,0,1
janice.moore@enron.com,,,0.026348,1,1,2
harlan.murphy@enron.com,,,0.026348,1,0,1
c..koehler@enron.com,,,0,0,0,0
mark.fischer@enron.com,,,0,0,1,1
diane.cutsforth@enron.com,,,0,0,0,0
mike.purcell@enron.com,,,0,0,1,1
linda.guinn@enron.com,,,0.004985,1,0,1
gail.brownfeld@enron.com,,,0.006163,2,0,2
bonnie.white@enron.com,,,0.004985,1,0,1
john.postlethwaite@enron.com,,,0.001178,1,0,1
e..anderson@enron.com,,,0,0,0,0
judy.beck@enron.com,,,0,0,0,0
ken.anderson@enron.com,,,0,0,0,0
ted.noble@enron.com,,,0.01722,1,1,2
darren.maloney@enron.com,,,0.01722,1,0,1
wilson.kriegel@enron.com,,,0.01722,1,0,1
tobin.carlson@enron.com,,,0.01722,1,0,1
gary.stadler@enron.com,,,0.01722,1,0,1
mary.darveaux@enron.com,,,0,0,0,0
m..scott@enron.com,,,0,0,2,2
will.smith@enron.com,,,0,0,1,1
corry.bentley@enron.com,,,0,0,1,1
jorge.garcia@enron.com,,,0.108296,1,1,2
stewart.rosman@enron.com,,,0.108296,1,0,1
lynn.aven@enron.com,,,0.108296,1,0,1
clint.freeland@enron.com,,,0.108296,1,1,2
jeff.nogid@enron.com,,,0.108296,1,1,2
frank.sayre@enron.com,,,0.108296,1,0,1
elizabeth.serralheiro@enron.com,,,0.108296,1,0,1
ellen.su@enron.com,,,0,0,0,0
melissa.murphy@enron.com,,,0.119758,2,2,4
jarrod.cyprow@enron.com,,,0.108296,1,1,2
jason.peters@enron.com,,,0.108296,1,0,1
alexandra.saler@enron.com,,,0.006118,1,0,1
a..shankman@enron.com,,,0.00248,1,0,1
paul.hennemeyer@enron.com,,,0,0,1,1
charles.yeung@enron.com,,,0.024486,1,0,1
steve.walton@enron.com,,,0,0,0,0
susan.lindberg@enron.com,,,0.024486,1,0,1
jose.bestard@enron.com,,,0.024486,1,0,1
airam.arteaga@enron.com,,,0.001178,1,0,1
chris.hyde@enron.com,,,0.001178,1,0,1
g..barkowsky@enron.com,,,0,0,0,0
evan.hughes@enron.com,,,0,0,0,0
p..o'neil@enron.com,,,0.001779,1,1,2
chris.stokley@enron.com,,,0.001779,1,2,3
sharen.cason@enron.com,,,0.011462,1,1,2
stephanie.piwetz@enron.com,,,0.011462,1,1,2
kerri.thompson@enron.com,,,0.011462,1,1,2
evelyn.metoyer@enron.com,,,0.011462,1,1,2
kimberly.hundl@enron.com,,,0.011462,1,1,2
mollie.gustafson@enron.com,,,0.011462,1,0,1
john.viverito@enron.com,,,0,0,1,1
mary.schoen@enron.com,,,0,0,1,1
phil.polsky@enron.com,,,0,0,1,1
v.weldon@enron.com,,,0,0,1,1
mark.schlueter@enron.com,,,0.001178,1,0,1
sonia.hennessy@enron.com,,,0,0,0,0
andrea.dahlke@enron.com,,,0,0,0,0
grace.rodriguez@enron.com,,,0,0,1,1
nella.cappelletto@enron.com,,,0,0,0,0
