phillip.allen@enron.com,keith.holst@enron.com
phillip.allen@enron.com,ina.rangel@enron.com
phillip.allen@enron.com,john.lavorato@enron.com
phillip.allen@enron.com,mike.grigsby@enron.com
phillip.allen@enron.com,frank.ermis@enron.com
phillip.allen@enron.com,matthew.lenhart@enron.com
stephanie.miller@enron.com,jeff.dasovich@enron.com
sarah.novosel@enron.com,james.steffes@enron.com
sarah.novosel@enron.com,steven.kean@enron.com
sarah.novosel@enron.com,richard.shapiro@enron.com
mike.grigsby@enron.com,k..allen@enron.com
kathie.grabstald@enron.com,louise.kitchen@enron.com
kathie.grabstald@enron.com,john.arnold@enron.com
mike.grigsby@enron.com,l..gay@enron.com
karen.buckley@enron.com,k..allen@enron.com
karen.buckley@enron.com,john.arnold@enron.com
m..tholt@enron.com,mike.grigsby@enron.com
ina.rangel@enron.com,jay.reitmeyer@enron.com
ina.rangel@enron.com,dutch.quigley@enron.com
ina.rangel@enron.com,john.arnold@enron.com
ina.rangel@enron.com,mike.maggi@enron.com
mike.grigsby@enron.com,frank.ermis@enron.com
louise.kitchen@enron.com,rob.milnthorp@enron.com
louise.kitchen@enron.com,tim.belden@enron.com
louise.kitchen@enron.com,f..calger@enron.com
k..allen@enron.com,ina.rangel@enron.com
john.arnold@enron.com,dutch.quigley@enron.com
john.arnold@enron.com,andy.zipper@enron.com
john.arnold@enron.com,mike.maggi@enron.com
john.arnold@enron.com,ina.rangel@enron.com
john.arnold@enron.com,john.griffith@enron.com
john.arnold@enron.com,john.lavorato@enron.com
john.arnold@enron.com,jennifer.fraser@enron.com
john.arnold@enron.com,caroline.abramo@enron.com
john.arnold@enron.com,jeanie.slone@enron.com
john.arnold@enron.com,frank.hayden@enron.com
john.arnold@enron.com,david.forster@enron.com
kenny.soignet@enron.com,phillip.allen@enron.com
kenny.soignet@enron.com,john.arnold@enron.com
kenny.soignet@enron.com,berney.aucoin@enron.com
john.arnold@enron.com,sarah.wesner@enron.com
caroline.abramo@enron.com,john.arnold@enron.com
john.arnold@enron.com,matthew.arnold@enron.com
john.arnold@enron.com,margaret.allen@enron.com
john.arnold@enron.com,errol.mclaughlin@enron.com
john.arnold@enron.com,brian.hoskins@enron.com
john.arnold@enron.com,jennifer.burns@enron.com
john.arnold@enron.com,liz.taylor@enron.com
john.arnold@enron.com,vladimir.gorny@enron.com
frank.hayden@enron.com,john.arnold@enron.com
john.lavorato@enron.com,phillip.allen@enron.com
john.lavorato@enron.com,john.arnold@enron.com
david.oxley@enron.com,john.lavorato@enron.com
dutch.quigley@enron.com,john.arnold@enron.com
lara.leibman@enron.com,richard.shapiro@enron.com
paul.kaufman@enron.com,richard.shapiro@enron.com
houston <.ward@enron.com>,gerald.nemec@enron.com
mike.grigsby@enron.com,keith.holst@enron.com
mike.grigsby@enron.com,tori.kuykendall@enron.com
mike.grigsby@enron.com,john.lavorato@enron.com
john.arnold@enron.com,<.ward@enron.com>
mary.hain@enron.com,james.steffes@enron.com
carla.hoffman@enron.com,tim.belden@enron.com
carla.hoffman@enron.com,robert.badeer@enron.com
carla.hoffman@enron.com,jeff.richter@enron.com
tim.belden@enron.com,robert.badeer@enron.com
mary.hain@enron.com,robert.badeer@enron.com
mary.hain@enron.com,tim.belden@enron.com
jeff.dasovich@enron.com,sarah.novosel@enron.com
jeff.dasovich@enron.com,james.steffes@enron.com
mary.hain@enron.com,chris.foster@enron.com
jeff.dasovich@enron.com,roger.yang@enron.com
jeff.dasovich@enron.com,richard.shapiro@enron.com
jeff.dasovich@enron.com,sandra.mccubbin@enron.com
jeff.dasovich@enron.com,susan.mara@enron.com
jeff.dasovich@enron.com,mona.petrochko@enron.com
bruno.gaillard@enron.com,jeff.dasovich@enron.com
jeff.dasovich@enron.com,joe.hartsoe@enron.com
heather.dunton@enron.com,matt.motley@enron.com
susan.mara@enron.com,tim.belden@enron.com
tim.belden@enron.com,mike.swerzbin@enron.com
tim.belden@enron.com,sean.crandall@enron.com
rhonda.denton@enron.com,tim.belden@enron.com
rhonda.denton@enron.com,dana.davis@enron.com
rhonda.denton@enron.com,genia.fitzgerald@enron.com
mary.cook@enron.com,angela.davis@enron.com
brant.reves@enron.com,susan.bailey@enron.com
sara.shackleton@enron.com,susan.bailey@enron.com
diane.anderson@enron.com,susan.bailey@enron.com
susan.bailey@enron.com,sara.shackleton@enron.com
susan.bailey@enron.com,diane.anderson@enron.com
alan.aronowitz@enron.com,tana.jones@enron.com
stephanie.panus@enron.com,susan.bailey@enron.com
marie.heard@enron.com,susan.bailey@enron.com
sara.shackleton@enron.com,alan.aronowitz@enron.com
sara.shackleton@enron.com,samantha.boyd@enron.com
sara.shackleton@enron.com,stephanie.panus@enron.com
stephanie.panus@enron.com,sara.shackleton@enron.com
stephanie.panus@enron.com,samantha.boyd@enron.com
becky.spencer@enron.com,sara.shackleton@enron.com
becky.spencer@enron.com,susan.bailey@enron.com
alan.aronowitz@enron.com,sara.shackleton@enron.com
sara.shackleton@enron.com,jim.armogida@enron.com
keegan.farrell@enron.com,kayla.heitmeyer@enron.com
keegan.farrell@enron.com,susan.bailey@enron.com
tana.jones@enron.com,susan.bailey@enron.com
marie.heard@enron.com,kimberly.allen@enron.com
marie.heard@enron.com,diane.anderson@enron.com
holly.keiser@enron.com,mary.cook@enron.com
cheryl.nelson@enron.com,susan.bailey@enron.com
cheryl.nelson@enron.com,samantha.boyd@enron.com
keegan.farrell@enron.com,mary.cook@enron.com
stephanie.panus@enron.com,laurel.adams@enron.com
holly.keiser@enron.com,susan.bailey@enron.com
holly.keiser@enron.com,samantha.boyd@enron.com
samantha.boyd@enron.com,susan.bailey@enron.com
sara.shackleton@enron.com,robert.bruce@enron.com
robert.bruce@enron.com,sara.shackleton@enron.com
tana.jones@enron.com,alan.aronowitz@enron.com
susan.bailey@enron.com,laurel.adams@enron.com
david.baumbach@enron.com,eric.bass@enron.com
eric.bass@enron.com,brian.hoskins@enron.com
eric.bass@enron.com,hector.campos@enron.com
eric.bass@enron.com,o'neal.winfree@enron.com
eric.bass@enron.com,luis.mena@enron.com
eric.bass@enron.com,harry.bucalo@enron.com
eric.bass@enron.com,patrick.ryder@enron.com
eric.bass@enron.com,matthew.lenhart@enron.com
eric.bass@enron.com,bryan.hull@enron.com
eric.bass@enron.com,timothy.blanchard@enron.com
eric.bass@enron.com,shanna.husser@enron.com
eric.bass@enron.com,david.baumbach@enron.com
eric.bass@enron.com,phillip.love@enron.com
laura.harder@enron.com,thomas.martin@enron.com
eric.bass@enron.com,chad.landry@enron.com
eric.bass@enron.com,robert.cass@enron.com
eric.bass@enron.com,dale.neuner@enron.com
matthew.lenhart@enron.com,bryan.hull@enron.com
timothy.blanchard@enron.com,eric.bass@enron.com
shanna.husser@enron.com,eric.bass@enron.com
phillip.love@enron.com,eric.bass@enron.com
matthew.lenhart@enron.com,eric.bass@enron.com
matthew.lenhart@enron.com,chad.landry@enron.com
matthew.lenhart@enron.com,timothy.blanchard@enron.com
matthew.lenhart@enron.com,jay.reitmeyer@enron.com
matthew.lenhart@enron.com,paul.lucci@enron.com
a..martin@enron.com,eric.bass@enron.com
laura.vuittonet@enron.com,eric.bass@enron.com
laura.vuittonet@enron.com,david.baumbach@enron.com
m..love@enron.com,eric.bass@enron.com
m..love@enron.com,c..giron@enron.com
laura.vuittonet@enron.com,a..martin@enron.com
a..martin@enron.com,david.baumbach@enron.com
tamara.black@enron.com,rudy.acevedo@enron.com
tamara.black@enron.com,diana.allen@enron.com
tamara.black@enron.com,russell.ballato@enron.com
rhonda.denton@enron.com,christian.yoder@enron.com
kayne.coulter@enron.com,juan.hernandez@enron.com
christi.nicolay@enron.com,jeff.brown@enron.com
christi.nicolay@enron.com,ron.mcnamara@enron.com
christi.nicolay@enron.com,james.steffes@enron.com
christi.nicolay@enron.com,ozzie.pagan@enron.com
lydia.delgado@enron.com,juan.hernandez@enron.com
johnny.palmer@enron.com,don.baughman@enron.com
terri.clynes@enron.com,don.baughman@enron.com
debra.bailey@enron.com,lloyd.will@enron.com
jae.black@enron.com,don.baughman@enron.com
don.baughman@enron.com,kayne.coulter@enron.com
don.baughman@enron.com,jay.blaine@enron.com
lloyd.will@enron.com,don.baughman@enron.com
terri.clynes@enron.com,matt.lorenz@enron.com
m..forney@enron.com,joe.errigo@enron.com
m..forney@enron.com,eric.saibi@enron.com
johnny.palmer@enron.com,juan.hernandez@enron.com
l..nicolay@enron.com,m..presto@enron.com
m..presto@enron.com,lloyd.will@enron.com
l..nicolay@enron.com,d..steffes@enron.com
l..denton@enron.com,matt.motley@enron.com
l..denton@enron.com,lester.rawson@enron.com
l..denton@enron.com,holden.salisbury@enron.com
don.baughman@enron.com,john.kinser@enron.com
david.delainey@enron.com,wes.colwell@enron.com
david.delainey@enron.com,david.oxley@enron.com
sheila.glover@enron.com,sally.beck@enron.com
david.port@enron.com,rick.buy@enron.com
hector.mcloughlin@enron.com,sally.beck@enron.com
bob.hall@enron.com,sally.beck@enron.com
sally.beck@enron.com,james.scribner@enron.com
ted.murphy@enron.com,sally.beck@enron.com
sally.beck@enron.com,bob.hall@enron.com
sally.beck@enron.com,brent.price@enron.com
sally.beck@enron.com,cindy.olson@enron.com
cassandra.schultz@enron.com,sally.beck@enron.com
shona.wilson@enron.com,sally.beck@enron.com
sally.beck@enron.com,beth.apollo@enron.com
lexi.elliott@enron.com,mike.mcconnell@enron.com
lexi.elliott@enron.com,sally.beck@enron.com
lexi.elliott@enron.com,james.scribner@enron.com
mary.solmonson@enron.com,sally.beck@enron.com
sally.beck@enron.com,patti.thompson@enron.com
sally.beck@enron.com,jeffrey.gossett@enron.com
sally.beck@enron.com,brenda.herod@enron.com
jeff.smith@enron.com,mike.mcconnell@enron.com
jeff.smith@enron.com,jeffrey.shankman@enron.com
sally.beck@enron.com,lexi.elliott@enron.com
sally.beck@enron.com,shona.wilson@enron.com
mike.jordan@enron.com,sally.beck@enron.com
sally.beck@enron.com,mike.jordan@enron.com
patti.thompson@enron.com,sally.beck@enron.com
david.delainey@enron.com,janet.dietrich@enron.com
david.delainey@enron.com,kevin.presto@enron.com
david.delainey@enron.com,tim.belden@enron.com
beth.apollo@enron.com,sally.beck@enron.com
sally.beck@enron.com,david.delainey@enron.com
sally.beck@enron.com,john.lavorato@enron.com
eugenio.perez@enron.com,sally.beck@enron.com
sally.beck@enron.com,greg.whalley@enron.com
jeffrey.gossett@enron.com,darron.giron@enron.com
jeffrey.gossett@enron.com,kam.keiser@enron.com
cathy.phillips@enron.com,mike.mcconnell@enron.com
cathy.phillips@enron.com,jeffrey.shankman@enron.com
john.lavorato@enron.com,kevin.presto@enron.com
john.lavorato@enron.com,tim.belden@enron.com
jeffrey.gossett@enron.com,sally.beck@enron.com
david.delainey@enron.com,mark.haedicke@enron.com
sally.beck@enron.com,sheila.glover@enron.com
sally.beck@enron.com,kristin.albrecht@enron.com
sally.beck@enron.com,leslie.reeves@enron.com
sally.beck@enron.com,wes.colwell@enron.com
sally.beck@enron.com,richard.causey@enron.com
sally.beck@enron.com,fernley.dyson@enron.com
sally.beck@enron.com,mary.solmonson@enron.com
sheri.thomas@enron.com,sally.beck@enron.com
peggy.hedstrom@enron.com,sally.beck@enron.com
michael.moscoso@enron.com,sally.beck@enron.com
brent.price@enron.com,sally.beck@enron.com
jeffrey.shankman@enron.com,brent.price@enron.com
sally.beck@enron.com,scott.earnest@enron.com
sally.beck@enron.com,hector.mcloughlin@enron.com
barry.pearce@enron.com,sally.beck@enron.com
sally.beck@enron.com,peggy.hedstrom@enron.com
leslie.reeves@enron.com,sally.beck@enron.com
robert.superty@enron.com,sally.beck@enron.com
ted.murphy@enron.com,rick.buy@enron.com
kay.chapman@enron.com,tim.belden@enron.com
kay.chapman@enron.com,kevin.presto@enron.com
sally.beck@enron.com,sheri.thomas@enron.com
sally.beck@enron.com,louise.kitchen@enron.com
sharron.westbrook@enron.com,sally.beck@enron.com
rick.buy@enron.com,ted.murphy@enron.com
sally.beck@enron.com,barry.pearce@enron.com
greg.piper@enron.com,greg.whalley@enron.com
louise.kitchen@enron.com,sally.beck@enron.com
david.oxley@enron.com,louise.kitchen@enron.com
brenda.herod@enron.com,daren.farmer@enron.com
david.delainey@enron.com,rob.milnthorp@enron.com
jeff.smith@enron.com,sally.beck@enron.com
jeff.smith@enron.com,rick.bergsieker@enron.com
sally.beck@enron.com,rick.buy@enron.com
sally.beck@enron.com,robert.superty@enron.com
louise.kitchen@enron.com,tammie.schoppe@enron.com
louise.kitchen@enron.com,greg.piper@enron.com
louise.kitchen@enron.com,andy.zipper@enron.com
rick.buy@enron.com,david.port@enron.com
sally.beck@enron.com,greg.piper@enron.com
greg.piper@enron.com,sally.beck@enron.com
jeff.smith@enron.com,michael.beyer@enron.com
adarsh.vakharia@enron.com,sally.beck@enron.com
brian.redmond@enron.com,david.delainey@enron.com
brian.redmond@enron.com,louise.kitchen@enron.com
leonardo.pacheco@enron.com,kenneth.lay@enron.com
leonardo.pacheco@enron.com,jeff.skilling@enron.com
tammie.schoppe@enron.com,louise.kitchen@enron.com
leonardo.pacheco@enron.com,mark.palmer@enron.com
leonardo.pacheco@enron.com,eric.thode@enron.com
leonardo.pacheco@enron.com,mark.taylor@enron.com
mike.mcconnell@enron.com,jeffrey.shankman@enron.com
simone.la@enron.com,sunil.abraham@enron.com
simone.la@enron.com,sally.beck@enron.com
m.hall@enron.com,sally.beck@enron.com
louise.kitchen@enron.com,john.lavorato@enron.com
louise.kitchen@enron.com,jay.webb@enron.com
louise.kitchen@enron.com,david.oxley@enron.com
adarsh.vakharia@enron.com,rick.buy@enron.com
nancy.hernandez@enron.com,chris.abel@enron.com
nancy.hernandez@enron.com,kristin.albrecht@enron.com
nancy.hernandez@enron.com,beth.apollo@enron.com
karen.denne@enron.com,kenneth.lay@enron.com
sally.beck@enron.com,m.hall@enron.com
sally.beck@enron.com,christina.valdez@enron.com
chris.dorland@enron.com,michael.cowan@enron.com
beth.jenkins@enron.com,jonathan.mckay@enron.com
jonathan.mckay@enron.com,john.lavorato@enron.com
rogers.herndon@enron.com,m..presto@enron.com
m..presto@enron.com,j..sturm@enron.com
m..presto@enron.com,doug.gilbert-smith@enron.com
m..presto@enron.com,rika.imai@enron.com
m..presto@enron.com,dana.davis@enron.com
raetta.zadow@enron.com,lynn.blair@enron.com
lynn.blair@enron.com,raetta.zadow@enron.com
lynn.blair@enron.com,jean.blair@enron.com
steve.january@enron.com,shelley.corman@enron.com
john.buchanan@enron.com,lynn.blair@enron.com
drew.fossum@enron.com,dave.neubauer@enron.com
rick.dietz@enron.com,shelley.corman@enron.com
michael.bodnar@enron.com,lynn.blair@enron.com
ava.garcia@enron.com,lynn.blair@enron.com
elizabeth.brown@enron.com,shelley.corman@enron.com
elizabeth.brown@enron.com,lynn.blair@enron.com
john.buchanan@enron.com,shelley.corman@enron.com
lynn.blair@enron.com,john.buchanan@enron.com
a..smith@enron.com,helpdesk.hottap@enron.com
a..smith@enron.com,toby.kuehl@enron.com
a..smith@enron.com,bradley.holmes@enron.com
lynn.blair@enron.com,steven.january@enron.com
lynn.blair@enron.com,patrick.barry@enron.com
lynn.blair@enron.com,randy.bryan@enron.com
bert.hernandez@enron.com,lynn.blair@enron.com
lynn.blair@enron.com,steve.january@enron.com
lynn.blair@enron.com,terry.kowalke@enron.com
ricki.winters@enron.com,lynn.blair@enron.com
elizabeth.brown@enron.com,laura.giambrone@enron.com
elizabeth.brown@enron.com,bert.hernandez@enron.com
shelley.corman@enron.com,bradley.holmes@enron.com
shelley.corman@enron.com,sheila.nacey@enron.com
shelley.corman@enron.com,mike.bryant@enron.com
lynn.blair@enron.com,larry.berger@enron.com
lynn.blair@enron.com,michael.bodnar@enron.com
bradley.holmes@enron.com,shelley.corman@enron.com
ricki.winters@enron.com,mike.bryant@enron.com
ricki.winters@enron.com,shelley.corman@enron.com
jerry.graves@enron.com,lynn.blair@enron.com
shelley.corman@enron.com,lynn.blair@enron.com
shelley.corman@enron.com,rick.dietz@enron.com
glen.hass@enron.com,lindy.donoho@enron.com
lynn.blair@enron.com,sharon.brown@enron.com
lynn.blair@enron.com,ava.garcia@enron.com
lynn.blair@enron.com,shelley.corman@enron.com
lynn.blair@enron.com,rick.dietz@enron.com
lynn.blair@enron.com,randy.janzen@enron.com
lynn.blair@enron.com,donna.scott@enron.com
lynn.blair@enron.com,sheila.nacey@enron.com
lynn.blair@enron.com,ricki.winters@enron.com
lynn.blair@enron.com,richard.hanagriff@enron.com
donna.scott@enron.com,shelley.corman@enron.com
lindy.donoho@enron.com,kimberly.watson@enron.com
lindy.donoho@enron.com,tk.lohman@enron.com
lynn.blair@enron.com,bradley.holmes@enron.com
lynn.blair@enron.com,kimberly.watson@enron.com
lynn.blair@enron.com,vernon.mercaldo@enron.com
audrey.robertson@enron.com,steven.harris@enron.com
lynn.blair@enron.com,jodie.floyd@enron.com
glen.hass@enron.com,robert.kilmer@enron.com
glen.hass@enron.com,teb.lokey@enron.com
glen.hass@enron.com,steven.harris@enron.com
glen.hass@enron.com,kimberly.watson@enron.com
kevin.hyatt@enron.com,kimberly.watson@enron.com
darrell.schoolcraft@enron.com,laura.giambrone@enron.com
darrell.schoolcraft@enron.com,gary.spraggins@enron.com
colleen.sullivan@enron.com,phillip.allen@enron.com
colleen.sullivan@enron.com,chris.germany@enron.com
scott.neal@enron.com,andrea.ring@enron.com
victor.lamadrid@enron.com,chuck.ames@enron.com
victor.lamadrid@enron.com,f..brawner@enron.com
victor.lamadrid@enron.com,chris.germany@enron.com
kimberly.bates@enron.com,scott.neal@enron.com
rick.buy@enron.com,david.gorte@enron.com
rick.buy@enron.com,michael.tribolet@enron.com
rick.buy@enron.com,cassandra.schultz@enron.com
michael.tribolet@enron.com,rick.buy@enron.com
chip.schneider@enron.com,rick.buy@enron.com
kenneth.thibodeaux@enron.com,rick.buy@enron.com
s..bradford@enron.com,rick.buy@enron.com
l..carson@enron.com,rick.buy@enron.com
joannie.williamson@enron.com,raymond.bowen@enron.com
joannie.williamson@enron.com,london.brown@enron.com
joannie.williamson@enron.com,rick.buy@enron.com
paula.rieker@enron.com,rick.buy@enron.com
j..edison@enron.com,rick.buy@enron.com
j..edison@enron.com,a..fox@enron.com
j..edison@enron.com,e..haedicke@enron.com
john.lavorato@enron.com,rick.buy@enron.com
frank.hayden@enron.com,john.lavorato@enron.com
rick.buy@enron.com,s..bradford@enron.com
david.oxley@enron.com,greg.whalley@enron.com
s..bradford@enron.com,louise.kitchen@enron.com
chip.schneider@enron.com,louise.kitchen@enron.com
louise.kitchen@enron.com,s..bradford@enron.com
stanley.horton@enron.com,peggy.fowler@enron.com
chris.abel@enron.com,rick.buy@enron.com
chris.abel@enron.com,louise.kitchen@enron.com
stanley.horton@enron.com,rod.hayslett@enron.com
michael.tribolet@enron.com,richard.shapiro@enron.com
louise.kitchen@enron.com,r..shepperd@enron.com
rick.buy@enron.com,k..heathman@enron.com
rick.buy@enron.com,l..carson@enron.com
larry.campbell@enron.com,leo.nichols@enron.com
larry.campbell@enron.com,william.kendrick@enron.com
team.kingman-needles@enron.com,rich.jolly@enron.com
team.kingman-needles@enron.com,team.kingman-sta1@enron.com
team.kingman-needles@enron.com,team.kingman@enron.com
george.robinson@enron.com,larry.campbell@enron.com
larry.campbell@enron.com,rich.jolly@enron.com
larry.campbell@enron.com,mike.riedel@enron.com
larry.campbell@enron.com,john.shafer@enron.com
larry.campbell@enron.com,louis.soldano@enron.com
sarita.garza@enron.com,randy.armstrong@enron.com
john.shafer@enron.com,larry.campbell@enron.com
larry.campbell@enron.com,scott.jones@enron.com
larry.campbell@enron.com,rick.loveless@enron.com
kevin.hyatt@enron.com,larry.campbell@enron.com
d..thomas@enron.com,peter.makkai@enron.com
michelle.cash@enron.com,david.oxley@enron.com
michelle.cash@enron.com,twanda.sweet@enron.com
michelle.cash@enron.com,felecia.acevedo@enron.com
trey.cash@enron.com,michelle.cash@enron.com
michelle.cash@enron.com,kriste.sullivan@enron.com
michelle.cash@enron.com,sharon.butcher@enron.com
michelle.cash@enron.com,rick.johnson@enron.com
michelle.cash@enron.com,trey.cash@enron.com
michelle.cash@enron.com,cindy.skinner@enron.com
michelle.cash@enron.com,hector.mcloughlin@enron.com
michelle.cash@enron.com,alan.aronowitz@enron.com
michelle.cash@enron.com,brian.schaffer@enron.com
michelle.cash@enron.com,gina.corteselli@enron.com
michelle.cash@enron.com,amy.fitzpatrick@enron.com
michelle.cash@enron.com,fran.mayes@enron.com
michelle.cash@enron.com,mary.joyce@enron.com
michelle.cash@enron.com,andrea.yowman@enron.com
sylvia.hu@enron.com,michelle.cash@enron.com
michelle.cash@enron.com,ryan.seleznov@enron.com
lizzette.palmer@enron.com,michelle.cash@enron.com
david.oxley@enron.com,michelle.cash@enron.com
sylvia.hu@enron.com,felecia.acevedo@enron.com
michelle.cash@enron.com,a..hope@enron.com
michelle.cash@enron.com,lizzette.palmer@enron.com
michelle.cash@enron.com,diane.goode@enron.com
john.lavorato@enron.com,david.oxley@enron.com
sylvia.hu@enron.com,mecole.brown@enron.com
janette.elbertson@enron.com,alan.aronowitz@enron.com
david.allan@enron.com,monika.causholli@enron.com
monika.causholli@enron.com,e..carter@enron.com
monika.causholli@enron.com,teresa.aguilera-peon@enron.com
monika.causholli@enron.com,david.allan@enron.com
drew.fossum@enron.com,danny.mccarty@enron.com
drew.fossum@enron.com,steven.harris@enron.com
james.saunders@enron.com,rod.hayslett@enron.com
danny.mccarty@enron.com,eric.gadd@enron.com
julie.armstrong@enron.com,eric.gadd@enron.com
drew.fossum@enron.com,shelley.corman@enron.com
james.studebaker@enron.com,teb.lokey@enron.com
rod.hayslett@enron.com,caroline.barnes@enron.com
caroline.barnes@enron.com,rod.hayslett@enron.com
shelley.corman@enron.com,robert.hayes@enron.com
cindy.stark@enron.com,shelley.corman@enron.com
stanley.horton@enron.com,shelley.corman@enron.com
audrey.robertson@enron.com,kevin.hyatt@enron.com
audrey.robertson@enron.com,lindy.donoho@enron.com
audrey.robertson@enron.com,tk.lohman@enron.com
kevin.hyatt@enron.com,tk.lohman@enron.com
kimberly.watson@enron.com,tk.lohman@enron.com
rod.hayslett@enron.com,bob.chandler@enron.com
rod.hayslett@enron.com,tracy.geaccone@enron.com
a..howard@enron.com,rod.hayslett@enron.com
tracy.geaccone@enron.com,rod.hayslett@enron.com
bob.chandler@enron.com,rod.hayslett@enron.com
rod.hayslett@enron.com,james.saunders@enron.com
rod.hayslett@enron.com,stanley.horton@enron.com
julie.armstrong@enron.com,kimberly.watson@enron.com
shelley.corman@enron.com,ricki.winters@enron.com
shelley.corman@enron.com,stanley.horton@enron.com
shelley.corman@enron.com,caroline.barnes@enron.com
alan.comnes@enron.com,robert.badeer@enron.com
cara.semperger@enron.com,sean.crandall@enron.com
fran.chang@enron.com,diana.scholtes@enron.com
virginia.thompson@enron.com,diana.scholtes@enron.com
cara.semperger@enron.com,diana.scholtes@enron.com
alan.comnes@enron.com,tim.belden@enron.com
cara.semperger@enron.com,donald.robinson@enron.com
diana.scholtes@enron.com,sean.crandall@enron.com
alan.comnes@enron.com,ray.alvarez@enron.com
heather.dunton@enron.com,holden.salisbury@enron.com
diana.scholtes@enron.com,cara.semperger@enron.com
cara.semperger@enron.com,tom.alonso@enron.com
tim.heizenrader@enron.com,mike.swerzbin@enron.com
jill.chatterton@enron.com,tom.alonso@enron.com
jill.chatterton@enron.com,robert.badeer@enron.com
cara.semperger@enron.com,holden.salisbury@enron.com
bruce.mills@enron.com,m..love@enron.com
d..hogan@enron.com,bryant.frihart@enron.com
d..hogan@enron.com,c..giron@enron.com
paul.kaufman@enron.com,susan.mara@enron.com
paul.kaufman@enron.com,jeff.dasovich@enron.com
joseph.alamo@enron.com,susan.mara@enron.com
joseph.alamo@enron.com,jeff.dasovich@enron.com
ginger.dernehl@enron.com,jeff.dasovich@enron.com
susan.mara@enron.com,paul.kaufman@enron.com
susan.mara@enron.com,richard.shapiro@enron.com
susan.mara@enron.com,jeff.dasovich@enron.com
susan.mara@enron.com,mona.petrochko@enron.com
susan.mara@enron.com,sandra.mccubbin@enron.com
jeff.dasovich@enron.com,jennifer.rudolph@enron.com
jeff.dasovich@enron.com,janel.guerrero@enron.com
jeff.dasovich@enron.com,vicki.sharp@enron.com
jeff.dasovich@enron.com,robert.williams@enron.com
vicki.sharp@enron.com,jeff.dasovich@enron.com
sue.nord@enron.com,barbara.hueter@enron.com
sue.nord@enron.com,donald_lassere@enron.net
sue.nord@enron.com,jeff.dasovich@enron.com
jeff.dasovich@enron.com,paul.kaufman@enron.com
alan.comnes@enron.com,james.steffes@enron.com
alan.comnes@enron.com,jeff.dasovich@enron.com
jeff.dasovich@enron.com,alan.comnes@enron.com
jeff.dasovich@enron.com,jeffery.fawcett@enron.com
jeff.dasovich@enron.com,karen.denne@enron.com
karen.denne@enron.com,jeff.dasovich@enron.com
jeff.dasovich@enron.com,steven.kean@enron.com
alan.comnes@enron.com,susan.mara@enron.com
james.steffes@enron.com,jeff.dasovich@enron.com
jeff.dasovich@enron.com,angela.schwarz@enron.com
jeff.dasovich@enron.com,beverly.aden@enron.com
james.steffes@enron.com,steven.kean@enron.com
james.steffes@enron.com,richard.shapiro@enron.com
jeff.dasovich@enron.com,skean@enron.com
carmen.perez@enron.com,barbara.hueter@enron.com
carmen.perez@enron.com,jeff.dasovich@enron.com
james.steffes@enron.com,harry.kingerski@enron.com
rebecca.cantrell@enron.com,barry.tycholiz@enron.com
steven.kean@enron.com,jeff.dasovich@enron.com
steven.kean@enron.com,karen.denne@enron.com
chris.foster@enron.com,jeff.dasovich@enron.com
jeffery.fawcett@enron.com,steven.harris@enron.com
jeffery.fawcett@enron.com,susan.scott@enron.com
scott.bolton@enron.com,sue.nord@enron.com
scott.bolton@enron.com,susan.landwehr@enron.com
jeff.dasovich@enron.com,mike.smith@enron.com
jeff.dasovich@enron.com,chris.foster@enron.com
jeff.dasovich@enron.com,joseph.alamo@enron.com
jeff.dasovich@enron.com,mary.hain@enron.com
jeff.dasovich@enron.com,mpalmer@enron.com
james.steffes@enron.com,susan.mara@enron.com
james.steffes@enron.com,paul.kaufman@enron.com
jeff.dasovich@enron.com,ginger.dernehl@enron.com
jeff.dasovich@enron.com,linda.robertson@enron.com
jeff.dasovich@enron.com,susan.landwehr@enron.com
ginger.dernehl@enron.com,mark.palmer@enron.com
michael.tribolet@enron.com,james.steffes@enron.com
susan.landwehr@enron.com,jeff.dasovich@enron.com
jeff.dasovich@enron.com,susan.scott@enron.com
jeffery.fawcett@enron.com,jeff.dasovich@enron.com
jeff.dasovich@enron.com,christopher.calger@enron.com
jeff.dasovich@enron.com,david.parquet@enron.com
ginger.dernehl@enron.com,james.steffes@enron.com
jeffery.fawcett@enron.com,kevin.hyatt@enron.com
james.steffes@enron.com,sandra.mccubbin@enron.com
sandra.mccubbin@enron.com,jeff.dasovich@enron.com
jeff.dasovich@enron.com,tom.briggs@enron.com
alan.comnes@enron.com,richard.shapiro@enron.com
janel.guerrero@enron.com,richard.shapiro@enron.com
jeff.dasovich@enron.com,michael.tribolet@enron.com
karen.denne@enron.com,steven.kean@enron.com
karen.denne@enron.com,mark.palmer@enron.com
karen.denne@enron.com,janel.guerrero@enron.com
richard.shapiro@enron.com,jeff.dasovich@enron.com
david.parquet@enron.com,jeff.dasovich@enron.com
steven.kean@enron.com,mark.palmer@enron.com
michael.tribolet@enron.com,jeff.dasovich@enron.com
mary.hain@enron.com,jeff.dasovich@enron.com
richard.shapiro@enron.com,paul.kaufman@enron.com
ginger.dernehl@enron.com,janel.guerrero@enron.com
michael.etringer@enron.com,jeff.dasovich@enron.com
james.steffes@enron.com,alan.comnes@enron.com
james.steffes@enron.com,tim.belden@enron.com
james.steffes@enron.com,chris.foster@enron.com
lisa.yoho@enron.com,jeff.dasovich@enron.com
karen.denne@enron.com,james.steffes@enron.com
karen.denne@enron.com,richard.shapiro@enron.com
kristin.walsh@enron.com,john.lavorato@enron.com
kristin.walsh@enron.com,louise.kitchen@enron.com
james.steffes@enron.com,richard.sanders@enron.com
james.steffes@enron.com,john.lavorato@enron.com
karen.denne@enron.com,susan.mara@enron.com
barry.tycholiz@enron.com,mike.grigsby@enron.com
barry.tycholiz@enron.com,jeff.dasovich@enron.com
mark.schroeder@enron.com,jeff.dasovich@enron.com
harry.kingerski@enron.com,james.steffes@enron.com
jeff.dasovich@enron.com,harry.kingerski@enron.com
jeff.dasovich@enron.com,lysa.akin@enron.com
mary.hain@enron.com,susan.mara@enron.com
harry.kingerski@enron.com,jeff.dasovich@enron.com
harry.kingerski@enron.com,susan.mara@enron.com
richard.shapiro@enron.com,susan.mara@enron.com
richard.shapiro@enron.com,linda.robertson@enron.com
scott.stoness@enron.com,jeff.dasovich@enron.com
rob.bradley@enron.com,jeff.dasovich@enron.com
jeff.dasovich@enron.com,jennifer.thome@enron.com
jeff.dasovich@enron.com,donald.lassere@enron.com
paul.kaufman@enron.com,james.steffes@enron.com
richard.shapiro@enron.com,james.steffes@enron.com
joseph.alamo@enron.com,sandra.mccubbin@enron.com
jeff.dasovich@enron.com,stephanie.miller@enron.com
rebecca.cantrell@enron.com,james.steffes@enron.com
jeff.dasovich@enron.com,rob.bradley@enron.com
james.steffes@enron.com,mark.palmer@enron.com
margo.reyna@enron.com,sue.nord@enron.com
margo.reyna@enron.com,scott.bolton@enron.com
jennifer.thome@enron.com,jeff.dasovich@enron.com
jeff.dasovich@enron.com,mark.schroeder@enron.com
jeff.dasovich@enron.com,michael.etringer@enron.com
april.hrach@enron.com,kelly.brodbeck@enron.com
joseph.alamo@enron.com,paul.kaufman@enron.com
leslie.lawner@enron.com,james.steffes@enron.com
jeff.dasovich@enron.com,steven.harris@enron.com
janel.guerrero@enron.com,jeff.dasovich@enron.com
joe.hartsoe@enron.com,jeff.dasovich@enron.com
jennifer.thome@enron.com,james.steffes@enron.com
leslie.lawner@enron.com,harry.kingerski@enron.com
jeff.dasovich@enron.com,leslie.lawner@enron.com
leslie.lawner@enron.com,jeff.dasovich@enron.com
lara.leibman@enron.com,sue.nord@enron.com
susan.scott@enron.com,jeff.dasovich@enron.com
jeff.dasovich@enron.com,rosalee.fleming@enron.com
ray.alvarez@enron.com,tim.belden@enron.com
ray.alvarez@enron.com,mike.swerzbin@enron.com
ray.alvarez@enron.com,michael.driscoll@enron.com
jeff.dasovich@enron.com,sue.nord@enron.com
richard.shapiro@enron.com,steven.kean@enron.com
carmen.perez@enron.com,john.neslage@enron.com
susan.landwehr@enron.com,richard.shapiro@enron.com
steven.kean@enron.com,richard.shapiro@enron.com
steven.kean@enron.com,susan.mara@enron.com
jeffery.fawcett@enron.com,tk.lohman@enron.com
jeff.dasovich@enron.com,wanda.curry@enron.com
jeff.dasovich@enron.com,tim.belden@enron.com
alan.comnes@enron.com,paul.kaufman@enron.com
susan.mara@enron.com,james.steffes@enron.com
jeff.dasovich@enron.com,maureen.mcvicker@enron.com
mark.schroeder@enron.com,steven.kean@enron.com
maureen.mcvicker@enron.com,jeff.dasovich@enron.com
jeff.dasovich@enron.com,barry.tycholiz@enron.com
cynthia.sandherr@enron.com,steven.kean@enron.com
mary.hain@enron.com,christi.nicolay@enron.com
susan.mara@enron.com,alan.comnes@enron.com
susan.mara@enron.com,joseph.alamo@enron.com
susan.mara@enron.com,harry.kingerski@enron.com
susan.mara@enron.com,karen.denne@enron.com
susan.mara@enron.com,mark.palmer@enron.com
susan.mara@enron.com,steven.kean@enron.com
ginger.dernehl@enron.com,richard.shapiro@enron.com
susan.mara@enron.com,dave.perrino@enron.com
mona.petrochko@enron.com,jeff.dasovich@enron.com
mark.palmer@enron.com,richard.shapiro@enron.com
ginger.dernehl@enron.com,daniel.allegretti@enron.com
ginger.dernehl@enron.com,joe.allen@enron.com
stacey.bolton@enron.com,richard.ring@enron.com
james.steffes@enron.com,joe.hartsoe@enron.com
scott.bolton@enron.com,jeff.dasovich@enron.com
roger.yang@enron.com,jeff.dasovich@enron.com
janine.migden@enron.com,richard.shapiro@enron.com
steve.montovano@enron.com,richard.shapiro@enron.com
susan.mara@enron.com,mary.hain@enron.com
roger.yang@enron.com,mona.petrochko@enron.com
roger.yang@enron.com,susan.mara@enron.com
susan.mara@enron.com,phyllis.anzalone@enron.com
christi.nicolay@enron.com,mary.hain@enron.com
james.steffes@enron.com,mary.hain@enron.com
steven.kean@enron.com,elizabeth.linnell@enron.com
jeff.dasovich@enron.com,elizabeth.linnell@enron.com
susan.scott@enron.com,steven.harris@enron.com
susan.scott@enron.com,lindy.donoho@enron.com
susan.scott@enron.com,jeffery.fawcett@enron.com
mary.hain@enron.com,richard.sanders@enron.com
mary.hain@enron.com,sarah.novosel@enron.com
mary.hain@enron.com,christian.yoder@enron.com
mary.hain@enron.com,steve.c.hall@enron.com
sue.nord@enron.com,richard.shapiro@enron.com
sue.nord@enron.com,scott.bolton@enron.com
mary.hain@enron.com,paul.kaufman@enron.com
alan.comnes@enron.com,tom.alonso@enron.com
karen.denne@enron.com,jeff.skilling@enron.com
linda.robertson@enron.com,jeff.dasovich@enron.com
james.steffes@enron.com,david.delainey@enron.com
maureen.mcvicker@enron.com,steven.kean@enron.com
britt.whitman@enron.com,john.lavorato@enron.com
britt.whitman@enron.com,louise.kitchen@enron.com
paul.dawson@enron.com,richard.shapiro@enron.com
sarah.novosel@enron.com,linda.robertson@enron.com
steven.kean@enron.com,linda.robertson@enron.com
steven.kean@enron.com,james.steffes@enron.com
robert.frank@enron.com,richard.shapiro@enron.com
linda.robertson@enron.com,james.steffes@enron.com
steven.kean@enron.com,mark.koenig@enron.com
steven.kean@enron.com,paula.rieker@enron.com
mark.palmer@enron.com,steven.kean@enron.com
sarah.novosel@enron.com,mark.davis@enron.com
drew.fossum@enron.com,tony.pryor@enron.com
wanda.curry@enron.com,jeff.dasovich@enron.com
barry.tycholiz@enron.com,stephanie.miller@enron.com
barry.tycholiz@enron.com,jessica.presas@enron.com
ginger.dernehl@enron.com,joseph.alamo@enron.com
jeff.dasovich@enron.com,janet.dietrich@enron.com
jeff.dasovich@enron.com,lisa.mellencamp@enron.com
cynthia.sandherr@enron.com,richard.shapiro@enron.com
steven.kean@enron.com,peggy.mahoney@enron.com
mike.smith@enron.com,jeff.dasovich@enron.com
allison.navin@enron.com,richard.shapiro@enron.com
linda.robertson@enron.com,steven.kean@enron.com
linda.robertson@enron.com,richard.shapiro@enron.com
christopher.calger@enron.com,john.lavorato@enron.com
christian.yoder@enron.com,elizabeth.sager@enron.com
steven.kean@enron.com,mark.schroeder@enron.com
luiz.maurer@enron.com,richard.shapiro@enron.com
d..steffes@enron.com,jeff.dasovich@enron.com
susan.mara@enron.com,d..steffes@enron.com
harry.kingerski@enron.com,d..steffes@enron.com
lisa.mellencamp@enron.com,b..sanders@enron.com
karen.denne@enron.com,j..kean@enron.com
jeff.dasovich@enron.com,j..kean@enron.com
d..steffes@enron.com,susan.mara@enron.com
janel.guerrero@enron.com,d..steffes@enron.com
john.shelk@enron.com,d..steffes@enron.com
d..steffes@enron.com,paul.kaufman@enron.com
d..steffes@enron.com,harry.kingerski@enron.com
d..steffes@enron.com,j..noske@enron.com
richard.shapiro@enron.com,d..steffes@enron.com
w..cantrell@enron.com,m..tholt@enron.com
m..landwehr@enron.com,richard.shapiro@enron.com
d..steffes@enron.com,lisa.mellencamp@enron.com
d..steffes@enron.com,alan.comnes@enron.com
richard.shapiro@enron.com,j..kean@enron.com
j..kean@enron.com,richard.shapiro@enron.com
jeff.dasovich@enron.com,d..steffes@enron.com
richard.sanders@enron.com,christian.yoder@enron.com
w..cantrell@enron.com,d..steffes@enron.com
d..steffes@enron.com,steve.montovano@enron.com
d..steffes@enron.com,jean.ryall@enron.com
f..calger@enron.com,louise.kitchen@enron.com
d..steffes@enron.com,l..nicolay@enron.com
d..steffes@enron.com,sarah.novosel@enron.com
d..steffes@enron.com,richard.shapiro@enron.com
d..steffes@enron.com,m..landwehr@enron.com
john.shelk@enron.com,richard.shapiro@enron.com
john.shelk@enron.com,linda.robertson@enron.com
jeff.dasovich@enron.com,f..calger@enron.com
nicole.mendez@enron.com,dana.davis@enron.com
marnie.lamb@enron.com,dana.davis@enron.com
dana.davis@enron.com,nicole.mendez@enron.com
dana.davis@enron.com,tammy.barta@enron.com
mike.curry@enron.com,doug.gilbert-smith@enron.com
lance.cunningham@enron.com,doug.gilbert-smith@enron.com
david.portz@enron.com,doug.gilbert-smith@enron.com
david.portz@enron.com,elizabeth.sager@enron.com
kate.symes@enron.com,shift.dl-portland@enron.com
bill.williams@enron.com,john.anderson@enron.com
bill.williams@enron.com,todd.bland@enron.com
bill.williams@enron.com,craig.dean@enron.com
cara.semperger@enron.com,lisa.gang@enron.com
kysa.alport@enron.com,tom.alonso@enron.com
kysa.alport@enron.com,robert.badeer@enron.com
mark.guzman@enron.com,kate.symes@enron.com
cara.semperger@enron.com,kate.symes@enron.com
david.delainey@enron.com,kay.chapman@enron.com
david.delainey@enron.com,rick.buy@enron.com
david.delainey@enron.com,john.lavorato@enron.com
david.delainey@enron.com,w.duran@enron.com
david.delainey@enron.com,jeff.donahue@enron.com
david.delainey@enron.com,james.steffes@enron.com
david.delainey@enron.com,christopher.calger@enron.com
david.delainey@enron.com,brian.redmond@enron.com
david.delainey@enron.com,jeff.skilling@enron.com
david.delainey@enron.com,mark.frevert@enron.com
david.delainey@enron.com,mike.miller@enron.com
david.delainey@enron.com,robert.virgo@enron.com
don.miller@enron.com,benjamin.rogers@enron.com
rob.walls@enron.com,james.derrick@enron.com
james.derrick@enron.com,rob.walls@enron.com
janette.elbertson@enron.com,james.derrick@enron.com
james.derrick@enron.com,sharon.butcher@enron.com
james.derrick@enron.com,rex.rogers@enron.com
j.harris@enron.com,james.derrick@enron.com
drew.fossum@enron.com,maria.pavlou@enron.com
sylvia.hu@enron.com,james.derrick@enron.com
j..kean@enron.com,greg.whalley@enron.com
b..sanders@enron.com,e..haedicke@enron.com
peter.keohane@enron.com,mark.haedicke@enron.com
richard.sanders@enron.com,james.derrick@enron.com
james.derrick@enron.com,j.harris@enron.com
james.derrick@enron.com,c..williams@enron.com
stacy.dickson@enron.com,gregg.penman@enron.com
stacy.dickson@enron.com,dan.hyvl@enron.com
audrey.robertson@enron.com,lorraine.lindberg@enron.com
michelle.lokay@enron.com,steven.harris@enron.com
michelle.lokay@enron.com,kimberly.watson@enron.com
ramona.betancourt@enron.com,lindy.donoho@enron.com
jan.moore@enron.com,lindy.donoho@enron.com
lorna.brennan@enron.com,kevin.hyatt@enron.com
kimberly.watson@enron.com,lindy.donoho@enron.com
bill.rapp@enron.com,kimberly.watson@enron.com
rod.hayslett@enron.com,danny.mccarty@enron.com
tracy.geaccone@enron.com,jan.moore@enron.com
jan.moore@enron.com,tracy.geaccone@enron.com
kevin.hyatt@enron.com,lindy.donoho@enron.com
audrey.robertson@enron.com,kimberly.watson@enron.com
lorraine.lindberg@enron.com,kimberly.watson@enron.com
kimberly.watson@enron.com,jan.moore@enron.com
kimberly.watson@enron.com,lorraine.lindberg@enron.com
tk.lohman@enron.com,kimberly.watson@enron.com
perry.frazier@enron.com,michelle.lokay@enron.com
mark.mcconnell@enron.com,kimberly.watson@enron.com
mansoor.abdmoulaie@enron.com,kimberly.watson@enron.com
lorraine.lindberg@enron.com,michelle.lokay@enron.com
tracy.geaccone@enron.com,steven.harris@enron.com
rod.hayslett@enron.com,michael.ratner@enron.com
jan.moore@enron.com,steven.harris@enron.com
lorna.brennan@enron.com,steven.harris@enron.com
lorna.brennan@enron.com,lindy.donoho@enron.com
kimberly.watson@enron.com,michelle.lokay@enron.com
kevin.hyatt@enron.com,lorraine.lindberg@enron.com
kimberly.watson@enron.com,steven.harris@enron.com
jeanette.doll@enron.com,steven.harris@enron.com
lindy.donoho@enron.com,audrey.robertson@enron.com
lindy.donoho@enron.com,tracy.geaccone@enron.com
lindy.donoho@enron.com,lorraine.lindberg@enron.com
craig.taylor@enron.com,larry.may@enron.com
chris.dorland@enron.com,dan.dorland@enron.com
chris.dorland@enron.com,chris.lambie@enron.com
john.zufferli@enron.com,cooper.richey@enron.com
chris.dorland@enron.com,mike.cowan@enron.com
mike.grigsby@enron.com,phillip.allen@enron.com
mike.grigsby@enron.com,monique.sanchez@enron.com
mark.whitt@enron.com,barry.tycholiz@enron.com
mike.grigsby@enron.com,anne.bike@enron.com
mark.whitt@enron.com,tyrell.harrison@enron.com
mark.whitt@enron.com,t..lucci@enron.com
megan.parker@enron.com,daren.farmer@enron.com
david.baumbach@enron.com,daren.farmer@enron.com
gary.hanks@enron.com,daren.farmer@enron.com
lee.papayoti@enron.com,daren.farmer@enron.com
daren.farmer@enron.com,mary.poorman@enron.com
daren.farmer@enron.com,aimee.lannou@enron.com
mary.poorman@enron.com,daren.farmer@enron.com
yvette.connevey@enron.com,daren.farmer@enron.com
daren.farmer@enron.com,pat.clynes@enron.com
ami.chokshi@enron.com,daren.farmer@enron.com
pat.clynes@enron.com,daren.farmer@enron.com
robert.cotten@enron.com,vance.taylor@enron.com
yvette.connevey@enron.com,lisa.csikos@enron.com
yvette.connevey@enron.com,mary.smith@enron.com
daren.farmer@enron.com,robert.cotten@enron.com
robert.cotten@enron.com,daren.farmer@enron.com
robert.cotten@enron.com,o'neal.winfree@enron.com
daren.farmer@enron.com,katherine.herrera@enron.com
katherine.herrera@enron.com,daren.farmer@enron.com
aimee.lannou@enron.com,daren.farmer@enron.com
mark.mccoy@enron.com,daren.farmer@enron.com
daren.farmer@enron.com,jackie.young@enron.com
brenda.herod@enron.com,lisa.csikos@enron.com
brenda.herod@enron.com,mary.smith@enron.com
cheryl.dudley@enron.com,lauri.allen@enron.com
jackie.young@enron.com,daren.farmer@enron.com
mark.mccoy@enron.com,stacey.neuweiler@enron.com
daren.farmer@enron.com,ami.chokshi@enron.com
daren.farmer@enron.com,megan.parker@enron.com
gary.lamphier@enron.com,daren.farmer@enron.com
daren.farmer@enron.com,stacey.neuweiler@enron.com
daren.farmer@enron.com,tom.acton@enron.com
tom.acton@enron.com,daren.farmer@enron.com
susan.trevino@enron.com,daren.farmer@enron.com
susan.trevino@enron.com,lauri.allen@enron.com
julie.meyers@enron.com,daren.farmer@enron.com
daren.farmer@enron.com,julie.meyers@enron.com
robert.cotten@enron.com,edward.terry@enron.com
megan.parker@enron.com,j..farmer@enron.com
scott.palmer@enron.com,kam.keiser@enron.com
scott.palmer@enron.com,m..love@enron.com
j..farmer@enron.com,megan.parker@enron.com
j..farmer@enron.com,michael.olsen@enron.com
doug.gilbert-smith@enron.com,m..forney@enron.com
houston <.ward@enron.com>,h..foster@enron.com
m..forney@enron.com,george.phillips@enron.com
m..forney@enron.com,kim.melodick@enron.com
m..forney@enron.com,joe.capasso@enron.com
m..forney@enron.com,l..day@enron.com
m..forney@enron.com,jae.black@enron.com
m..forney@enron.com,jeffrey.miller@enron.com
m..forney@enron.com,lloyd.will@enron.com
m..forney@enron.com,doug.gilbert-smith@enron.com
drew.fossum@enron.com,martha.benner@enron.com
drew.fossum@enron.com,louis.soldano@enron.com
susan.scott@enron.com,mary.miller@enron.com
drew.fossum@enron.com,susan.scott@enron.com
jeanette.doll@enron.com,audrey.robertson@enron.com
drew.fossum@enron.com,kevin.hyatt@enron.com
drew.fossum@enron.com,lorraine.lindberg@enron.com
drew.fossum@enron.com,bob.chandler@enron.com
cindy.stark@enron.com,bill.cordes@enron.com
cindy.stark@enron.com,steve.hotte@enron.com
drew.fossum@enron.com,dorothy.mccoppin@enron.com
drew.fossum@enron.com,mary.miller@enron.com
drew.fossum@enron.com,jeffery.fawcett@enron.com
drew.fossum@enron.com,bill.cordes@enron.com
drew.fossum@enron.com,michael.moran@enron.com
drew.fossum@enron.com,lee.huber@enron.com
drew.fossum@enron.com,kathy.ringblom@enron.com
drew.fossum@enron.com,dari.dornan@enron.com
drew.fossum@enron.com,denise.lagesse@enron.com
drew.fossum@enron.com,mark.schroeder@enron.com
drew.fossum@enron.com,christine.stokes@enron.com
drew.fossum@enron.com,rod.hayslett@enron.com
susan.scott@enron.com,shelley.corman@enron.com
susan.scott@enron.com,glen.hass@enron.com
susan.scott@enron.com,drew.fossum@enron.com
lorna.brennan@enron.com,jeffery.fawcett@enron.com
michael.frazier@enron.com,lisa.gang@enron.com
michael.frazier@enron.com,settlements.ees@enron.com
rob.gay@enron.com,richard.lammers@enron.com
rob.gay@enron.com,tracee.bersani@enron.com
mike.grigsby@enron.com,patti.sullivan@enron.com
randall.gay@enron.com,george.smith@enron.com
randall.gay@enron.com,robert.superty@enron.com
mike.grigsby@enron.com,matt.smith@enron.com
mike.grigsby@enron.com,barry.tycholiz@enron.com
tracy.geaccone@enron.com,mary.botello@enron.com
tracy.geaccone@enron.com,caroline.barnes@enron.com
tracy.geaccone@enron.com,james.weitekamp@enron.com
tracy.geaccone@enron.com,steve.kleb@enron.com
tracy.geaccone@enron.com,kathy.campos@enron.com
tracy.geaccone@enron.com,jennifer.lev@enron.com
elaine.concklin@enron.com,tracy.geaccone@enron.com
tracy.geaccone@enron.com,john.keiser@enron.com
tracy.geaccone@enron.com,steve.gilbert@enron.com
tracy.geaccone@enron.com,kimberly.watson@enron.com
steven.harris@enron.com,tracy.geaccone@enron.com
rod.hayslett@enron.com,morris.brassfield@enron.com
morris.brassfield@enron.com,rod.hayslett@enron.com
julie.armstrong@enron.com,danny.mccarty@enron.com
rod.hayslett@enron.com,jerry.peters@enron.com
rod.hayslett@enron.com,steve.gilbert@enron.com
rod.hayslett@enron.com,john.keiser@enron.com
cindy.stark@enron.com,rod.hayslett@enron.com
eric.gadd@enron.com,danny.mccarty@enron.com
tracy.geaccone@enron.com,james.saunders@enron.com
judy.townsend@enron.com,chris.germany@enron.com
chris.germany@enron.com,angie.zeman@enron.com
chris.germany@enron.com,colleen.sullivan@enron.com
chris.germany@enron.com,dick.jenkins@enron.com
chris.germany@enron.com,marde.driscoll@enron.com
chris.germany@enron.com,jim.homco@enron.com
chris.germany@enron.com,crystal.hyde@enron.com
chris.germany@enron.com,alicia.perkins@enron.com
chris.germany@enron.com,brenda.fletcher@enron.com
chris.germany@enron.com,cynthia.franklin@enron.com
chris.germany@enron.com,susan.pereira@enron.com
chris.germany@enron.com,sherry.anastas@enron.com
chris.germany@enron.com,victoria.versen@enron.com
chris.germany@enron.com,alvin.thompson@enron.com
chris.germany@enron.com,beverly.beaty@enron.com
chris.germany@enron.com,john.singer@enron.com
chris.germany@enron.com,scott.goodell@enron.com
chris.germany@enron.com,katherine.kelly@enron.com
chris.germany@enron.com,mary.franklin@enron.com
chris.germany@enron.com,joann.collins@enron.com
chris.germany@enron.com,gloria.barkowsky@enron.com
chris.germany@enron.com,kimberly.brown@enron.com
chris.germany@enron.com,robert.allwein@enron.com
chris.germany@enron.com,joan.veselack@enron.com
chris.germany@enron.com,victor.lamadrid@enron.com
chris.germany@enron.com,edward.terry@enron.com
chris.germany@enron.com,jesse.villarreal@enron.com
angie.zeman@enron.com,chris.germany@enron.com
chris.germany@enron.com,judy.townsend@enron.com
chris.germany@enron.com,dan.junek@enron.com
chris.germany@enron.com,molly.johnson@enron.com
chris.germany@enron.com,david.oliver@enron.com
chris.germany@enron.com,sylvia.campos@enron.com
chris.germany@enron.com,marlene.hilliard@enron.com
heidi.griffith@enron.com,chris.germany@enron.com
heidi.griffith@enron.com,wade.price@enron.com
chris.germany@enron.com,elizabeth.hernandez@enron.com
chris.germany@enron.com,scott.hendrickson@enron.com
chris.germany@enron.com,jeff.westover@enron.com
chris.germany@enron.com,robin.barbe@enron.com
scott.goodell@enron.com,chris.germany@enron.com
joann.collins@enron.com,chris.germany@enron.com
joan.veselack@enron.com,chris.germany@enron.com
chris.germany@enron.com,kimat.singla@enron.com
scott.neal@enron.com,chris.germany@enron.com
chris.germany@enron.com,mark.breese@enron.com
jeffrey.porter@enron.com,chris.germany@enron.com
chris.germany@enron.com,steve.gillespie@enron.com
chris.germany@enron.com,wade.price@enron.com
chris.germany@enron.com,scott.neal@enron.com
chris.germany@enron.com,clarissa.garcia@enron.com
chris.germany@enron.com,darla.saucier@enron.com
chris.germany@enron.com,jeffrey.porter@enron.com
chris.germany@enron.com,michael.garred@enron.com
chris.germany@enron.com,dave.scott@enron.com
robin.barbe@enron.com,chris.germany@enron.com
chris.germany@enron.com,maria.garza@enron.com
chris.germany@enron.com,lia.halstead@enron.com
darla.saucier@enron.com,chris.germany@enron.com
chris.germany@enron.com,joan.quick@enron.com
chris.germany@enron.com,ruth.concannon@enron.com
chris.germany@enron.com,priscilla.hamic@enron.com
ruth.concannon@enron.com,chris.germany@enron.com
chris.germany@enron.com,ed.mcmichael@enron.com
ed.mcmichael@enron.com,chris.germany@enron.com
chris.germany@enron.com,l..kelly@enron.com
chris.germany@enron.com,margaret.dhont@enron.com
chris.germany@enron.com,rita.wynne@enron.com
ruth.concannon@enron.com,kay.mann@enron.com
chris.germany@enron.com,troy.denetsosie@enron.com
chris.germany@enron.com,daniel.quezada@enron.com
chris.germany@enron.com,doug.sewell@enron.com
elizabeth.sager@enron.com,david.portz@enron.com
m..presto@enron.com,louise.kitchen@enron.com
d..steffes@enron.com,m..presto@enron.com
darron.giron@enron.com,jeffrey.gossett@enron.com
darron.giron@enron.com,carole.frank@enron.com
darron.giron@enron.com,dawn.kenne@enron.com
darron.giron@enron.com,patrick.ryder@enron.com
darron.giron@enron.com,phillip.love@enron.com
darron.giron@enron.com,chris.walker@enron.com
darron.giron@enron.com,jason.wolfe@enron.com
darron.giron@enron.com,anne.bike@enron.com
darron.giron@enron.com,jackson.logan@enron.com
darron.giron@enron.com,kam.keiser@enron.com
jeffrey.gossett@enron.com,david.baumbach@enron.com
m..love@enron.com,bruce.mills@enron.com
m.hall@enron.com,c..gossett@enron.com
m.hall@enron.com,w..white@enron.com
m..love@enron.com,scott.palmer@enron.com
m..love@enron.com,kam.keiser@enron.com
kam.keiser@enron.com,d..winfree@enron.com
kam.keiser@enron.com,m..love@enron.com
kam.keiser@enron.com,scott.palmer@enron.com
m..love@enron.com,kevin.bosse@enron.com
m..love@enron.com,d..winfree@enron.com
errol.mclaughlin@enron.com,kam.keiser@enron.com
m..love@enron.com,c..gossett@enron.com
russ.severson@enron.com,kam.keiser@enron.com
russ.severson@enron.com,m..love@enron.com
c..gossett@enron.com,m..love@enron.com
laura.luce@enron.com,louise.kitchen@enron.com
m..love@enron.com,susan.trevino@enron.com
chris.hilgert@enron.com,gerald.nemec@enron.com
justin.rostant@enron.com,andy.zipper@enron.com
matthew.lenhart@enron.com,mike.grigsby@enron.com
mike.grigsby@enron.com,jay.reitmeyer@enron.com
mike.grigsby@enron.com,karen.buckley@enron.com
mike.grigsby@enron.com,ina.rangel@enron.com
mike.grigsby@enron.com,melba.lozano@enron.com
mike.grigsby@enron.com,matthew.lenhart@enron.com
barry.tycholiz@enron.com,mark.whitt@enron.com
mike.grigsby@enron.com,elizabeth.shim@enron.com
geir.solberg@enron.com,portland.shift@enron.com
mark.guzman@enron.com,bill.iii@enron.com
bill.iii@enron.com,mark.guzman@enron.com
cara.semperger@enron.com,portland.shift@enron.com
kate.symes@enron.com,mark.guzman@enron.com
kate.symes@enron.com,neil.bresnan@enron.com
mary.hain@enron.com,alan.comnes@enron.com
mark.haedicke@enron.com,david.delainey@enron.com
mark.haedicke@enron.com,mark.taylor@enron.com
mark.haedicke@enron.com,alan.aronowitz@enron.com
mark.haedicke@enron.com,elizabeth.sager@enron.com
mark.haedicke@enron.com,peter.keohane@enron.com
mark.haedicke@enron.com,janette.elbertson@enron.com
mark.haedicke@enron.com,john.lavorato@enron.com
mark.haedicke@enron.com,bruce.lundstrom@enron.com
twanda.sweet@enron.com,mark.haedicke@enron.com
janette.elbertson@enron.com,barbara.gray@enron.com
janette.elbertson@enron.com,jeffrey.hodge@enron.com
christian.yoder@enron.com,mark.haedicke@enron.com
mark.haedicke@enron.com,paul.simons@enron.com
mark.haedicke@enron.com,jeffrey.hodge@enron.com
lisa.mellencamp@enron.com,mark.haedicke@enron.com
alan.aronowitz@enron.com,mark.haedicke@enron.com
steve.hall@enron.com,christian.yoder@enron.com
steve.hall@enron.com,elizabeth.sager@enron.com
chris.long@enron.com,richard.shapiro@enron.com
elizabeth.sager@enron.com,mary.cook@enron.com
christi.nicolay@enron.com,joe.hartsoe@enron.com
elizabeth.sager@enron.com,richard.sanders@enron.com
elizabeth.sager@enron.com,mark.haedicke@enron.com
leonardo.pacheco@enron.com,joseph.sutton@enron.com
brent.hendry@enron.com,mark.taylor@enron.com
lisa.mellencamp@enron.com,mark.taylor@enron.com
mark.haedicke@enron.com,travis.mccullough@enron.com
janette.elbertson@enron.com,mark.taylor@enron.com
eric.thode@enron.com,mark.frevert@enron.com
eric.thode@enron.com,john.lavorato@enron.com
peter.keohane@enron.com,elizabeth.sager@enron.com
alan.aronowitz@enron.com,mike.mcconnell@enron.com
richard.sanders@enron.com,mark.haedicke@enron.com
jeffrey.hodge@enron.com,richard.sanders@enron.com
deb.korkmas@enron.com,alan.aronowitz@enron.com
deb.korkmas@enron.com,ann.white@enron.com
christi.nicolay@enron.com,elizabeth.sager@enron.com
mary.cook@enron.com,elizabeth.sager@enron.com
kay.mann@enron.com,dan.lyons@enron.com
eric.thode@enron.com,greg.whalley@enron.com
janette.elbertson@enron.com,elizabeth.sager@enron.com
lisa.mellencamp@enron.com,elizabeth.sager@enron.com
legal <.hall@enron.com>,elizabeth.sager@enron.com
eric.thode@enron.com,louise.kitchen@enron.com
dorie.hitchcock@enron.com,louise.kitchen@enron.com
dorie.hitchcock@enron.com,john.lavorato@enron.com
b..sanders@enron.com,andrew.edison@enron.com
orlando.gonzalez@enron.com,john.lavorato@enron.com
john.lavorato@enron.com,greg.whalley@enron.com
carol.st.@enron.com,elizabeth.sager@enron.com
christi.nicolay@enron.com,richard.shapiro@enron.com
steven.harris@enron.com,kimberly.watson@enron.com
ron.matthews@enron.com,kimberly.watson@enron.com
darrell.schoolcraft@enron.com,kimberly.watson@enron.com
lorraine.lindberg@enron.com,steven.harris@enron.com
kimberly.watson@enron.com,paul.y'barbo@enron.com
danny.mccarty@enron.com,rod.hayslett@enron.com
jerry.peters@enron.com,rod.hayslett@enron.com
michael.ratner@enron.com,rod.hayslett@enron.com
jim.piro@enron.com,rod.hayslett@enron.com
sara.shackleton@enron.com,marie.heard@enron.com
sheila.glover@enron.com,sara.shackleton@enron.com
sheila.glover@enron.com,marie.heard@enron.com
sheila.glover@enron.com,donna.lowry@enron.com
sara.shackleton@enron.com,sheila.glover@enron.com
tom.doukas@enron.com,sara.shackleton@enron.com
sara.shackleton@enron.com,tom.doukas@enron.com
sara.shackleton@enron.com,joanne.rozycki@enron.com
sara.shackleton@enron.com,mary.cook@enron.com
cheryl.nelson@enron.com,sara.shackleton@enron.com
keegan.farrell@enron.com,robert.bruce@enron.com
paul.radous@enron.com,tana.jones@enron.com
samantha.boyd@enron.com,mary.cook@enron.com
tana.jones@enron.com,samantha.boyd@enron.com
tana.jones@enron.com,marie.heard@enron.com
mary.cook@enron.com,marie.heard@enron.com
becky.spencer@enron.com,marie.heard@enron.com
diane.anderson@enron.com,tana.jones@enron.com
edward.sacks@enron.com,sara.shackleton@enron.com
esmeralda.gonzalez@enron.com,susan.bailey@enron.com
sara.shackleton@enron.com,tracy.ngo@enron.com
legal <.taylor@enron.com>,mary.cook@enron.com
legal <.taylor@enron.com>,n..gray@enron.com
legal <.taylor@enron.com>,mark.greenberg@enron.com
veronica.espinoza@enron.com,susan.bailey@enron.com
tana.jones@enron.com,laurel.adams@enron.com
sara.shackleton@enron.com,tana.jones@enron.com
sara.shackleton@enron.com,tanya.rohauer@enron.com
tracy.ngo@enron.com,sara.shackleton@enron.com
tana.jones@enron.com,sara.shackleton@enron.com
sara.shackleton@enron.com,edward.sacks@enron.com
tanya.rohauer@enron.com,sara.shackleton@enron.com
tana.jones@enron.com,stephanie.panus@enron.com
mark.greenberg@enron.com,tana.jones@enron.com
brent.hendry@enron.com,mary.cook@enron.com
marie.heard@enron.com,<.williams@enron.com>
marie.heard@enron.com,cindy.richardson@enron.com
marie.heard@enron.com,sara.shackleton@enron.com
marie.heard@enron.com,samantha.boyd@enron.com
marie.heard@enron.com,tanya.rohauer@enron.com
marie.heard@enron.com,robbi.rossi@enron.com
marie.heard@enron.com,tana.jones@enron.com
sandra.mcnichols@enron.com,carolyn.gilley@enron.com
sandra.mcnichols@enron.com,leslie.smith@enron.com
brenna.neves@enron.com,leslie.smith@enron.com
brenna.neves@enron.com,judy.hernandez@enron.com
judy.hernandez@enron.com,angela.barnett@enron.com
judy.hernandez@enron.com,leslie.smith@enron.com
judy.hernandez@enron.com,regina.blackshear@enron.com
judy.hernandez@enron.com,yvonne.acosta@enron.com
veronica.espinoza@enron.com,debbie.brackett@enron.com
veronica.espinoza@enron.com,william.bradford@enron.com
veronica.espinoza@enron.com,scott.neal@enron.com
dan.hyvl@enron.com,janet.wallis@enron.com
tanya.rohauer@enron.com,mark.taylor@enron.com
tana.jones@enron.com,brent.hendry@enron.com
tana.jones@enron.com,mark.taylor@enron.com
dan.hyvl@enron.com,barbara.gray@enron.com
tana.jones@enron.com,andrea.calo@enron.com
kay.mann@enron.com,elizabeth.sager@enron.com
mary.ogden@enron.com,gerald.nemec@enron.com
kay.mann@enron.com,sheila.tweed@enron.com
houston <.ward@enron.com>,<.williams@enron.com>
gerald.nemec@enron.com,barry.tycholiz@enron.com
jeffrey.keeler@enron.com,james.prentice@enron.com
jeffrey.keeler@enron.com,stanley.horton@enron.com
jeffrey.keeler@enron.com,ted.robinson@enron.com
louis.soldano@enron.com,michael.moran@enron.com
louis.soldano@enron.com,stanley.horton@enron.com
stanley.horton@enron.com,cindy.stark@enron.com
susan.wadle@enron.com,kevin.hyatt@enron.com
eric.gadd@enron.com,kevin.hyatt@enron.com
kimberly.watson@enron.com,kevin.hyatt@enron.com
lorraine.lindberg@enron.com,kevin.hyatt@enron.com
michelle.lokay@enron.com,kevin.hyatt@enron.com
kevin.hyatt@enron.com,eric.gadd@enron.com
kevin.hyatt@enron.com,susan.wadle@enron.com
kevin.hyatt@enron.com,dennis.alters@enron.com
kevin.hyatt@enron.com,doug.cebryk@enron.com
darrell.schoolcraft@enron.com,steven.january@enron.com
darrell.schoolcraft@enron.com,rich.jolly@enron.com
susan.scott@enron.com,kevin.hyatt@enron.com
kevin.hyatt@enron.com,michelle.lokay@enron.com
darrell.schoolcraft@enron.com,david.roensch@enron.com
tk.lohman@enron.com,michelle.lokay@enron.com
susan.scott@enron.com,michelle.lokay@enron.com
susan.scott@enron.com,lorraine.lindberg@enron.com
lorraine.lindberg@enron.com,jeffery.fawcett@enron.com
dan.hyvl@enron.com,grant.oh@enron.com
dan.hyvl@enron.com,phil.demoes@enron.com
dan.hyvl@enron.com,stacy.dickson@enron.com
dan.hyvl@enron.com,becky.spencer@enron.com
dan.hyvl@enron.com,kim.ward@enron.com
dan.hyvl@enron.com,debra.perlingiere@enron.com
janet.wallis@enron.com,dan.hyvl@enron.com
veronica.espinoza@enron.com,dan.hyvl@enron.com
phil.demoes@enron.com,dan.hyvl@enron.com
jason.williams@enron.com,dan.hyvl@enron.com
dan.hyvl@enron.com,jeffrey.hodge@enron.com
dan.hyvl@enron.com,ellen.wallumrod@enron.com
debra.perlingiere@enron.com,dave.fuller@enron.com
dan.hyvl@enron.com,gary.lamphier@enron.com
pat.radford@enron.com,steve.hooser@enron.com
dan.hyvl@enron.com,russell.diamond@enron.com
dan.hyvl@enron.com,jenny.helton@enron.com
brant.reves@enron.com,dan.hyvl@enron.com
russell.diamond@enron.com,dan.hyvl@enron.com
dan.bump@enron.com,gerald.nemec@enron.com
shonnie.daniel@enron.com,gerald.nemec@enron.com
debra.perlingiere@enron.com,veronica.espinoza@enron.com
debra.perlingiere@enron.com,russell.diamond@enron.com
debra.perlingiere@enron.com,dan.hyvl@enron.com
debra.perlingiere@enron.com,stacy.dickson@enron.com
debra.perlingiere@enron.com,jeffrey.hodge@enron.com
debra.perlingiere@enron.com,bob.bowen@enron.com
mary.gray@enron.com,tana.jones@enron.com
susan.bailey@enron.com,bob.bowen@enron.com
susan.bailey@enron.com,andrea.guillen@enron.com
stephanie.panus@enron.com,bob.bowen@enron.com
stephanie.panus@enron.com,andrea.guillen@enron.com
tana.jones@enron.com,lisa.gillette@enron.com
tana.jones@enron.com,tom.moran@enron.com
stephanie.sever@enron.com,tom.moran@enron.com
stephanie.sever@enron.com,tana.jones@enron.com
tana.jones@enron.com,mary.cook@enron.com
tana.jones@enron.com,jeffrey.hodge@enron.com
tana.jones@enron.com,shari.stack@enron.com
samuel.schott@enron.com,walter.guidroz@enron.com
samuel.schott@enron.com,karen.lambert@enron.com
samuel.schott@enron.com,tana.jones@enron.com
keegan.farrell@enron.com,mark.taylor@enron.com
mary.cook@enron.com,tana.jones@enron.com
larry.hunter@enron.com,tana.jones@enron.com
tana.jones@enron.com,larry.hunter@enron.com
tana.jones@enron.com,david.forster@enron.com
tana.jones@enron.com,peter.keohane@enron.com
tana.jones@enron.com,greg.johnston@enron.com
tanya.rohauer@enron.com,susan.bailey@enron.com
tana.jones@enron.com,carol.clair@enron.com
molly.harris@enron.com,frank.davis@enron.com
molly.harris@enron.com,karen.lambert@enron.com
molly.harris@enron.com,tana.jones@enron.com
tana.jones@enron.com,harry.collins@enron.com
larry.hunter@enron.com,susan.bailey@enron.com
tana.jones@enron.com,stacy.dickson@enron.com
tana.jones@enron.com,kay.young@enron.com
kay.young@enron.com,tana.jones@enron.com
cheryl.johnson@enron.com,laurel.adams@enron.com
cheryl.johnson@enron.com,amelia.alland@enron.com
cheryl.johnson@enron.com,lauri.allen@enron.com
shari.stack@enron.com,tana.jones@enron.com
becky.spencer@enron.com,mark.taylor@enron.com
becky.spencer@enron.com,carol.clair@enron.com
leslie.hansen@enron.com,tana.jones@enron.com
chris.walker@enron.com,jeff.blumenthal@enron.com
chris.walker@enron.com,susan.musch@enron.com
tana.jones@enron.com,david.minns@enron.com
daniel.diamond@enron.com,tana.jones@enron.com
lisa.lees@enron.com,tana.jones@enron.com
lisa.lees@enron.com,karen.lambert@enron.com
tana.jones@enron.com,edmund.cooper@enron.com
tana.jones@enron.com,debbie.brackett@enron.com
tana.jones@enron.com,camille.gerard@enron.com
bob.shults@enron.com,tana.jones@enron.com
tana.jones@enron.com,bob.shults@enron.com
tana.jones@enron.com,daniel.diamond@enron.com
tana.jones@enron.com,mark.greenberg@enron.com
tana.jones@enron.com,michael.neves@enron.com
brant.reves@enron.com,tana.jones@enron.com
brant.reves@enron.com,samantha.boyd@enron.com
melba.lozano@enron.com,mark.taylor@enron.com
melba.lozano@enron.com,jeff.blumenthal@enron.com
tana.jones@enron.com,sheri.thomas@enron.com
tana.jones@enron.com,samuel.schott@enron.com
tana.jones@enron.com,walter.guidroz@enron.com
tana.jones@enron.com,marcus.nettelton@enron.com
michael.neves@enron.com,tana.jones@enron.com
tom.moran@enron.com,tana.jones@enron.com
marcus.nettelton@enron.com,tana.jones@enron.com
tana.jones@enron.com,leslie.hansen@enron.com
tana.jones@enron.com,john.arnold@enron.com
stephanie.panus@enron.com,tana.jones@enron.com
taffy.milligan@enron.com,ann.white@enron.com
taffy.milligan@enron.com,susan.bailey@enron.com
tana.jones@enron.com,dutch.quigley@enron.com
tana.jones@enron.com,frank.davis@enron.com
tana.jones@enron.com,louise.kitchen@enron.com
tana.jones@enron.com,russell.diamond@enron.com
peter.keohane@enron.com,tana.jones@enron.com
becky.spencer@enron.com,nidia.mendoza@enron.com
becky.spencer@enron.com,samantha.boyd@enron.com
carol.clair@enron.com,mark.taylor@enron.com
carol.clair@enron.com,sara.shackleton@enron.com
carol.clair@enron.com,mary.cook@enron.com
camille.gerard@enron.com,tana.jones@enron.com
karen.lambert@enron.com,frank.davis@enron.com
tana.jones@enron.com,lisa.lees@enron.com
taffy.milligan@enron.com,samantha.boyd@enron.com
edmund.cooper@enron.com,tana.jones@enron.com
tana.jones@enron.com,stephanie.sever@enron.com
tana.jones@enron.com,anthony.campos@enron.com
carol.clair@enron.com,tana.jones@enron.com
tana.jones@enron.com,matthew.dawson@enron.com
matthew.dawson@enron.com,tana.jones@enron.com
holly.keiser@enron.com,robert.bruce@enron.com
tana.jones@enron.com,karen.lambert@enron.com
georgi.landau@enron.com,tana.jones@enron.com
tana.jones@enron.com,justin.boyd@enron.com
russell.diamond@enron.com,tana.jones@enron.com
justin.boyd@enron.com,tana.jones@enron.com
marcus.nettelton@enron.com,elizabeth.sager@enron.com
tana.jones@enron.com,greg.whiting@enron.com
tana.jones@enron.com,sarah.wesner@enron.com
genia.fitzgerald@enron.com,tana.jones@enron.com
walter.guidroz@enron.com,tana.jones@enron.com
tana.jones@enron.com,bob.bowen@enron.com
tana.jones@enron.com,jefferson.sorenson@enron.com
tana.jones@enron.com,tanya.rohauer@enron.com
holly.keiser@enron.com,angela.davis@enron.com
brant.reves@enron.com,stephanie.panus@enron.com
tana.jones@enron.com,william.bradford@enron.com
david.minns@enron.com,tana.jones@enron.com
stephanie.sever@enron.com,karen.lambert@enron.com
stephanie.sever@enron.com,kelly.lombardi@enron.com
mary.cook@enron.com,stephanie.panus@enron.com
mary.cook@enron.com,susan.bailey@enron.com
john.allario@enron.com,tana.jones@enron.com
sara.shackleton@enron.com,mark.taylor@enron.com
sara.shackleton@enron.com,brent.hendry@enron.com
tana.jones@enron.com,holly.keiser@enron.com
becky.spencer@enron.com,tana.jones@enron.com
tana.jones@enron.com,cindy.richardson@enron.com
greg.johnston@enron.com,mark.taylor@enron.com
tana.jones@enron.com,dave.samuels@enron.com
walter.guidroz@enron.com,karen.lambert@enron.com
walter.guidroz@enron.com,samuel.schott@enron.com
robert.bruce@enron.com,tana.jones@enron.com
tana.jones@enron.com,robert.bruce@enron.com
greg.johnston@enron.com,tana.jones@enron.com
bob.bowen@enron.com,tana.jones@enron.com
tana.jones@enron.com,clement.abrams@enron.com
carol.clair@enron.com,susan.bailey@enron.com
robert.cass@enron.com,mark.taylor@enron.com
taffy.milligan@enron.com,tana.jones@enron.com
tana.jones@enron.com,taffy.milligan@enron.com
taffy.milligan@enron.com,susan.flynn@enron.com
tana.jones@enron.com,julie.ferrara@enron.com
tana.jones@enron.com,rahil.jafry@enron.com
david.forster@enron.com,tana.jones@enron.com
mark.taylor@enron.com,brent.hendry@enron.com
mark.taylor@enron.com,carol.clair@enron.com
mark.taylor@enron.com,tana.jones@enron.com
dave.samuels@enron.com,mark.taylor@enron.com
mark.taylor@enron.com,mary.cook@enron.com
edward.sacks@enron.com,tana.jones@enron.com
tanya.rohauer@enron.com,tana.jones@enron.com
john.suttle@enron.com,susan.bailey@enron.com
john.suttle@enron.com,tana.jones@enron.com
brent.hendry@enron.com,sara.shackleton@enron.com
carol.clair@enron.com,susan.flynn@enron.com
wendi.lebrocq@enron.com,karen.lambert@enron.com
wendi.lebrocq@enron.com,tana.jones@enron.com
wendi.lebrocq@enron.com,samuel.schott@enron.com
tana.jones@enron.com,cheryl.johnson@enron.com
lisa.lees@enron.com,tom.moran@enron.com
russell.diamond@enron.com,susan.bailey@enron.com
taffy.milligan@enron.com,mark.taylor@enron.com
sara.shackleton@enron.com,carol.clair@enron.com
rahil.jafry@enron.com,mark.taylor@enron.com
mark.taylor@enron.com,david.forster@enron.com
mark.taylor@enron.com,sara.shackleton@enron.com
brad.schneider@enron.com,tana.jones@enron.com
paul.radous@enron.com,susan.bailey@enron.com
sara.shackleton@enron.com,susan.flynn@enron.com
sara.shackleton@enron.com,russell.diamond@enron.com
sara.shackleton@enron.com,rod.nelson@enron.com
shari.stack@enron.com,mark.taylor@enron.com
john.malowney@enron.com,tana.jones@enron.com
paul.radous@enron.com,samantha.boyd@enron.com
tana.jones@enron.com,genia.fitzgerald@enron.com
samantha.boyd@enron.com,tana.jones@enron.com
mary.cook@enron.com,mark.taylor@enron.com
mary.cook@enron.com,sara.shackleton@enron.com
david.forster@enron.com,louise.kitchen@enron.com
david.forster@enron.com,andy.zipper@enron.com
sara.shackleton@enron.com,taffy.milligan@enron.com
mark.taylor@enron.com,taffy.milligan@enron.com
samantha.boyd@enron.com,brent.hendry@enron.com
samantha.boyd@enron.com,mark.taylor@enron.com
mark.taylor@enron.com,travis.mccullough@enron.com
robert.bruce@enron.com,brenda.whitehead@enron.com
robert.bruce@enron.com,brent.hendry@enron.com
robert.bruce@enron.com,mark.taylor@enron.com
sara.shackleton@enron.com,william.bradford@enron.com
sara.shackleton@enron.com,clement.abrams@enron.com
shari.stack@enron.com,sara.shackleton@enron.com
bob.shults@enron.com,mark.taylor@enron.com
alan.aronowitz@enron.com,mark.taylor@enron.com
mark.taylor@enron.com,alan.aronowitz@enron.com
robert.bruce@enron.com,becky.spencer@enron.com
mark.greenberg@enron.com,mark.taylor@enron.com
david.forster@enron.com,mark.taylor@enron.com
justin.boyd@enron.com,mark.taylor@enron.com
sara.shackleton@enron.com,<.taylor@enron.com>
shirley.crenshaw@enron.com,stinson.gibner@enron.com
shirley.crenshaw@enron.com,vince.kaminski@enron.com
vince.kaminski@enron.com,shirley.crenshaw@enron.com
anjam.ahmad@enron.com,vince.kaminski@enron.com
kevin.moore@enron.com,shirley.crenshaw@enron.com
kevin.moore@enron.com,vince.kaminski@enron.com
kevin.moore@enron.com,mike.roberts@enron.com
zimin.lu@enron.com,vince.kaminski@enron.com
vince.kaminski@enron.com,steven.leppard@enron.com
vince.kaminski@enron.com,gary.hickerson@enron.com
ravi.thuraisingham@enron.com,vince.kaminski@enron.com
steven.leppard@enron.com,vince.kaminski@enron.com
vince.kaminski@enron.com,pinnamaneni.krishnarao@enron.com
vince.kaminski@enron.com,stinson.gibner@enron.com
vince.kaminski@enron.com,grant.masson@enron.com
stinson.gibner@enron.com,vince.kaminski@enron.com
vince.kaminski@enron.com,zimin.lu@enron.com
zimin.lu@enron.com,stinson.gibner@enron.com
vince.kaminski@enron.com,celeste.roberts@enron.com
alex.huang@enron.com,vince.kaminski@enron.com
vince.kaminski@enron.com,kenneth.parkhill@enron.com
clayton.vernon@enron.com,vince.kaminski@enron.com
vince.kaminski@enron.com,ted.murphy@enron.com
vince.kaminski@enron.com,greg.whalley@enron.com
vince.kaminski@enron.com,kevin.moore@enron.com
vince.kaminski@enron.com,vasant.shanbhogue@enron.com
vince.kaminski@enron.com,tanya.tamarchenko@enron.com
pinnamaneni.krishnarao@enron.com,vince.kaminski@enron.com
vince.kaminski@enron.com,mike.roberts@enron.com
vince.kaminski@enron.com,molly.magee@enron.com
tanya.tamarchenko@enron.com,vince.kaminski@enron.com
vince.kaminski@enron.com,mark.palmer@enron.com
grant.masson@enron.com,vince.kaminski@enron.com
mike.roberts@enron.com,vince.kaminski@enron.com
christie.patrick@enron.com,vince.kaminski@enron.com
vince.kaminski@enron.com,william.smith@enron.com
vince.kaminski@enron.com,clayton.vernon@enron.com
william.smith@enron.com,vince.kaminski@enron.com
vasant.shanbhogue@enron.com,vince.kaminski@enron.com
kevin.kindall@enron.com,vince.kaminski@enron.com
vince.kaminski@enron.com,joseph.hrgovcic@enron.com
molly.magee@enron.com,vince.kaminski@enron.com
vince.kaminski@enron.com,norma.villarreal@enron.com
vince.kaminski@enron.com,jeffrey.shankman@enron.com
vince.kaminski@enron.com,anita.dupont@enron.com
vince.kaminski@enron.com,elena.chilkina@enron.com
vince.kaminski@enron.com,sheila.walton@enron.com
vince.kaminski@enron.com,christie.patrick@enron.com
vince.kaminski@enron.com,stephen.stock@enron.com
vince.kaminski@enron.com,kristin.gandy@enron.com
vince.kaminski@enron.com,alex.huang@enron.com
shirley.crenshaw@enron.com,j.kaminski@enron.com
robert.johnston@enron.com,greg.whalley@enron.com
j.kaminski@enron.com,vasant.shanbhogue@enron.com
d..steffes@enron.com,dave.perrino@enron.com
j.kaminski@enron.com,shirley.crenshaw@enron.com
j.kaminski@enron.com,a..roberts@enron.com
j.kaminski@enron.com,martin.lin@enron.com
j.kaminski@enron.com,anne.labbe@enron.com
pr <.palmer@enron.com>,j..kean@enron.com
marie.hejka@enron.com,steven.kean@enron.com
michael.terraso@enron.com,steven.kean@enron.com
peggy.mahoney@enron.com,karen.denne@enron.com
peggy.mahoney@enron.com,mark.palmer@enron.com
steven.kean@enron.com,chris.long@enron.com
steven.kean@enron.com,rosalee.fleming@enron.com
steven.kean@enron.com,joe.hartsoe@enron.com
steven.kean@enron.com,michael.terraso@enron.com
steven.kean@enron.com,maureen.mcvicker@enron.com
peggy.mahoney@enron.com,steven.kean@enron.com
lora.sullivan@enron.com,steven.kean@enron.com
laura.glenn@enron.com,steven.kean@enron.com
ann.schmidt@enron.com,steven.kean@enron.com
sherri.sera@enron.com,steven.kean@enron.com
nicholas.o'day@enron.com,steven.kean@enron.com
steven.kean@enron.com,nicholas.o'day@enron.com
steven.kean@enron.com,cindy.olson@enron.com
steven.kean@enron.com,kenneth.lay@enron.com
rosalee.fleming@enron.com,steven.kean@enron.com
steven.kean@enron.com,kelly.kimberly@enron.com
christi.nicolay@enron.com,steven.kean@enron.com
lisa.yoho@enron.com,steven.kean@enron.com
lisa.yoho@enron.com,richard.shapiro@enron.com
janine.migden@enron.com,james.steffes@enron.com
steven.kean@enron.com,sherri.sera@enron.com
christi.nicolay@enron.com,sarah.novosel@enron.com
lora.sullivan@enron.com,richard.shapiro@enron.com
robert.hemstock@enron.com,richard.shapiro@enron.com
john.shelk@enron.com,steven.kean@enron.com
john.ambler@enron.com,steven.kean@enron.com
john.ambler@enron.com,mark.koenig@enron.com
eric.benson@enron.com,richard.shapiro@enron.com
chris.long@enron.com,linda.robertson@enron.com
elizabeth.linnell@enron.com,richard.shapiro@enron.com
peter.styles@enron.com,richard.shapiro@enron.com
d..steffes@enron.com,dan.leff@enron.com
d..steffes@enron.com,janet.dietrich@enron.com
ray.alvarez@enron.com,d..steffes@enron.com
j..kean@enron.com,karen.denne@enron.com
terrie.james@enron.com,kenneth.lay@enron.com
simone.la@enron.com,tim.belden@enron.com
mike.mcconnell@enron.com,mark.frevert@enron.com
lisa.jacobson@enron.com,trevor.woods@enron.com
lisa.jacobson@enron.com,e.taylor@enron.com
sarah.novosel@enron.com,d..steffes@enron.com
j..kean@enron.com,<.palmer@enron.com>
pr <.palmer@enron.com>,kenneth.lay@enron.com
jay.webb@enron.com,louise.kitchen@enron.com
aleck.dadson@enron.com,richard.shapiro@enron.com
amr.ibrahim@enron.com,richard.shapiro@enron.com
j..kean@enron.com,maureen.mcvicker@enron.com
scott.neal@enron.com,kimberly.bates@enron.com
c..gossett@enron.com,kam.keiser@enron.com
c..gossett@enron.com,errol.mclaughlin@enron.com
norman.lee@enron.com,casey.evans@enron.com
d..steffes@enron.com,louise.kitchen@enron.com
no.address@enron.com,louise.kitchen@enron.com
greg.piper@enron.com,louise.kitchen@enron.com
r..shepperd@enron.com,louise.kitchen@enron.com
jeanie.slone@enron.com,louise.kitchen@enron.com
rahil.jafry@enron.com,louise.kitchen@enron.com
m..presto@enron.com,john.lavorato@enron.com
tim.belden@enron.com,john.lavorato@enron.com
rob.milnthorp@enron.com,louise.kitchen@enron.com
rahil.jafry@enron.com,marcus.nettelton@enron.com
kal.shah@enron.com,louise.kitchen@enron.com
tim.belden@enron.com,louise.kitchen@enron.com
joseph.deffner@enron.com,louise.kitchen@enron.com
louise.kitchen@enron.com,laura.luce@enron.com
louise.kitchen@enron.com,greg.whalley@enron.com
louise.kitchen@enron.com,david.forster@enron.com
louise.kitchen@enron.com,jeanie.slone@enron.com
louise.kitchen@enron.com,geoff.storey@enron.com
don.miller@enron.com,louise.kitchen@enron.com
jean.mrha@enron.com,louise.kitchen@enron.com
kevin.presto@enron.com,louise.kitchen@enron.com
john.lavorato@enron.com,louise.kitchen@enron.com
faith.killen@enron.com,louise.kitchen@enron.com
ben.jacoby@enron.com,louise.kitchen@enron.com
christopher.calger@enron.com,louise.kitchen@enron.com
geoff.storey@enron.com,louise.kitchen@enron.com
richard.lydecker@enron.com,louise.kitchen@enron.com
john.lavorato@enron.com,rob.milnthorp@enron.com
john.lavorato@enron.com,david.delainey@enron.com
rob.milnthorp@enron.com,john.lavorato@enron.com
savita.puthigai@enron.com,louise.kitchen@enron.com
chip.schneider@enron.com,f..calger@enron.com
chip.schneider@enron.com,david.duran@enron.com
kevin.presto@enron.com,john.lavorato@enron.com
janet.dietrich@enron.com,louise.kitchen@enron.com
brad.richter@enron.com,louise.kitchen@enron.com
andy.zipper@enron.com,louise.kitchen@enron.com
wes.colwell@enron.com,louise.kitchen@enron.com
elizabeth.sager@enron.com,carol.st.@enron.com
zhiyong.wei@enron.com,louise.kitchen@enron.com
jeanie.slone@enron.com,john.lavorato@enron.com
justin.rostant@enron.com,david.forster@enron.com
kim.melodick@enron.com,louise.kitchen@enron.com
jaime.williams@enron.com,louise.kitchen@enron.com
john.lavorato@enron.com,jeffrey.shankman@enron.com
zhiyong.wei@enron.com,geoff.storey@enron.com
zhiyong.wei@enron.com,colleen.sullivan@enron.com
steve.nat@enron.com,a..allen@enron.com
zhiyong.wei@enron.com,mark.pickering@enron.com
travis.mccullough@enron.com,louise.kitchen@enron.com
greg.whalley@enron.com,louise.kitchen@enron.com
james.steffes@enron.com,louise.kitchen@enron.com
mary.cook@enron.com,<.taylor@enron.com>
john.lavorato@enron.com,ted.murphy@enron.com
john.lavorato@enron.com,kimberly.hillis@enron.com
john.zufferli@enron.com,rob.milnthorp@enron.com
scott.neal@enron.com,brad.mckay@enron.com
m..presto@enron.com,frank.hayden@enron.com
m..presto@enron.com,tim.belden@enron.com
chris.gaskill@enron.com,s..shively@enron.com
lavorato@enron.com,rob.milnthorp@enron.com
lavorato@enron.com,david.delainey@enron.com
lavorato@enron.com,kimberly.hillis@enron.com
lavorato@enron.com,greg.whalley@enron.com
mark.koenig@enron.com,kenneth.lay@enron.com
matthew.lenhart@enron.com,luis.mena@enron.com
matthew.lenhart@enron.com,lisa.gillette@enron.com
matthew.lenhart@enron.com,cooper.richey@enron.com
kevin.hyatt@enron.com,market.team@enron.com
kevin.hyatt@enron.com,bullets@enron.com
lorraine.lindberg@enron.com,tk.lohman@enron.com
audrey.robertson@enron.com,jeffery.fawcett@enron.com
christine.stokes@enron.com,steven.harris@enron.com
christine.stokes@enron.com,kevin.hyatt@enron.com
michelle.lokay@enron.com,lorraine.lindberg@enron.com
michelle.lokay@enron.com,tk.lohman@enron.com
audrey.robertson@enron.com,michelle.lokay@enron.com
susan.scott@enron.com,christine.stokes@enron.com
michelle.lokay@enron.com,audrey.robertson@enron.com
michelle.lokay@enron.com,dennis.lee@enron.com
richard.hanagriff@enron.com,michelle.lokay@enron.com
kimberly.watson@enron.com,audrey.robertson@enron.com
kimberly.watson@enron.com,mark.mcconnell@enron.com
danny.mccarty@enron.com,julie.armstrong@enron.com
darrell.schoolcraft@enron.com,lorraine.lindberg@enron.com
darrell.schoolcraft@enron.com,controllers.dl-ets@enron.com
phillip.love@enron.com,darron.giron@enron.com
phillip.love@enron.com,jimmy.simien@enron.com
phillip.love@enron.com,victor.guggenheim@enron.com
phillip.love@enron.com,kam.keiser@enron.com
phillip.love@enron.com,b.palmer@enron.com
phillip.love@enron.com,david.baumbach@enron.com
phillip.love@enron.com,bruce.mills@enron.com
phillip.love@enron.com,cathy.sprowls@enron.com
phillip.love@enron.com,dawn.kenne@enron.com
phillip.love@enron.com,bryan.hull@enron.com
c..gossett@enron.com,anne.bike@enron.com
m..love@enron.com,kristen.clause@enron.com
m..love@enron.com,edward.brady@enron.com
m..love@enron.com,stephanie.hopkins@enron.com
theresa.staab@enron.com,jay.reitmeyer@enron.com
gerald.nemec@enron.com,debra.perlingiere@enron.com
t..lucci@enron.com,mark.whitt@enron.com
mark.whitt@enron.com,gerald.nemec@enron.com
mark.whitt@enron.com,theresa.staab@enron.com
tyrell.harrison@enron.com,mark.whitt@enron.com
ellen.wallumrod@enron.com,gerald.nemec@enron.com
tyrell.harrison@enron.com,barry.tycholiz@enron.com
kay.mann@enron.com,rusty.stevens@enron.com
kay.mann@enron.com,suzanne.adams@enron.com
kay.mann@enron.com,roseann.engeldorf@enron.com
kay.mann@enron.com,lisa.bills@enron.com
kay.mann@enron.com,reagan.rorschach@enron.com
kay.mann@enron.com,brian.barto@enron.com
kay.mann@enron.com,john.rigby@enron.com
kay.mann@enron.com,john.schwartzenburg@enron.com
kay.mann@enron.com,kay.young@enron.com
kay.mann@enron.com,heather.kroll@enron.com
kay.mann@enron.com,gregg.penman@enron.com
kay.mann@enron.com,barbara.gray@enron.com
stuart.zisman@enron.com,kay.mann@enron.com
kay.mann@enron.com,carlos.sole@enron.com
gregg.penman@enron.com,kay.mann@enron.com
kay.mann@enron.com,jeffrey.keenan@enron.com
kay.mann@enron.com,herman.manis@enron.com
kay.mann@enron.com,kathleen.carnahan@enron.com
kay.mann@enron.com,ozzie.pagan@enron.com
kay.mann@enron.com,matt.maxwell@enron.com
kay.mann@enron.com,jeffery.ader@enron.com
kay.mann@enron.com,kathleen.clark@enron.com
ben.jacoby@enron.com,kay.mann@enron.com
kay.mann@enron.com,scott.healy@enron.com
kay.mann@enron.com,ben.jacoby@enron.com
heather.kroll@enron.com,kay.mann@enron.com
john.schwartzenburg@enron.com,kay.mann@enron.com
kay.mann@enron.com,matthew.gockerman@enron.com
kay.mann@enron.com,barton.clark@enron.com
kay.mann@enron.com,scott.dieball@enron.com
kay.mann@enron.com,fred.mitro@enron.com
kay.mann@enron.com,christi.nicolay@enron.com
fred.mitro@enron.com,kay.mann@enron.com
kay.mann@enron.com,travis.mccullough@enron.com
kay.mann@enron.com,mitch.robinson@enron.com
chris.booth@enron.com,kay.mann@enron.com
kay.mann@enron.com,chris.booth@enron.com
kay.mann@enron.com,jeffrey.hodge@enron.com
kay.mann@enron.com,dale.rasmussen@enron.com
kay.mann@enron.com,bob.carter@enron.com
kay.mann@enron.com,stuart.zisman@enron.com
kay.mann@enron.com,ed.iii@enron.com
kay.mann@enron.com,richard.sanders@enron.com
kathleen.carnahan@enron.com,kay.mann@enron.com
kay.mann@enron.com,karen.jones@enron.com
kay.mann@enron.com,catherine.clark@enron.com
roseann.engeldorf@enron.com,kay.mann@enron.com
kay.mann@enron.com,lisa.mellencamp@enron.com
suzanne.adams@enron.com,kay.mann@enron.com
sheila.tweed@enron.com,kay.mann@enron.com
kay.mann@enron.com,rebecca.walker@enron.com
carlos.sole@enron.com,kay.mann@enron.com
scott.dieball@enron.com,kay.mann@enron.com
scott.dieball@enron.com,sheila.tweed@enron.com
elizabeth.sager@enron.com,kay.mann@enron.com
reagan.rorschach@enron.com,kay.mann@enron.com
kay.mann@enron.com,david.fairley@enron.com
david.fairley@enron.com,kay.mann@enron.com
elizabeth.sager@enron.com,janette.elbertson@enron.com
britt.davis@enron.com,andrew.edison@enron.com
leslie.hansen@enron.com,elizabeth.sager@enron.com
a..martin@enron.com,brian.redmond@enron.com
a..martin@enron.com,laura.vuittonet@enron.com
mike.mcconnell@enron.com,cathy.phillips@enron.com
mike.mcconnell@enron.com,jay.fitzgerald@enron.com
mike.mcconnell@enron.com,eric.gonzales@enron.com
mike.mcconnell@enron.com,gary.hickerson@enron.com
mike.mcconnell@enron.com,larry.lawyer@enron.com
mike.mcconnell@enron.com,jeffrey.mcmahon@enron.com
mike.mcconnell@enron.com,philippe.bibi@enron.com
mike.mcconnell@enron.com,john.nowlan@enron.com
mike.mcconnell@enron.com,doug.leach@enron.com
mike.mcconnell@enron.com,joseph.hirl@enron.com
george.mcclellan@enron.com,mike.mcconnell@enron.com
mike.mcconnell@enron.com,john.sherriff@enron.com
jeffrey.shankman@enron.com,mike.mcconnell@enron.com
mike.mcconnell@enron.com,george.mcclellan@enron.com
mike.mcconnell@enron.com,shanna.funkhouser@enron.com
mike.mcconnell@enron.com,rick.bergsieker@enron.com
joseph.hirl@enron.com,mike.mcconnell@enron.com
rick.bergsieker@enron.com,mike.mcconnell@enron.com
mike.mcconnell@enron.com,mark.mcconnell@enron.com
jeffrey.shankman@enron.com,john.nowlan@enron.com
jeffrey.shankman@enron.com,chris.mahoney@enron.com
jeffrey.shankman@enron.com,gary.hickerson@enron.com
kate.joslyn@enron.com,jonathan.mckay@enron.com
mark.dickin@enron.com,jonathan.mckay@enron.com
jonathan.mckay@enron.com,kate.joslyn@enron.com
jonathan.mckay@enron.com,beth.jenkins@enron.com
jonathan.mckay@enron.com,chris.lambie@enron.com
shannon.mcpearson@enron.com,errol.mclaughlin@enron.com
errol.mclaughlin@enron.com,torrey.moorer@enron.com
errol.mclaughlin@enron.com,kori.loibl@enron.com
errol.mclaughlin@enron.com,jeffrey.gossett@enron.com
errol.mclaughlin@enron.com,joey.taylor@enron.com
errol.mclaughlin@enron.com,sherry.dawson@enron.com
errol.mclaughlin@enron.com,shannon.mcpearson@enron.com
bill.williams@enron.com,mark.guzman@enron.com
debra.perlingiere@enron.com,e..dickson@enron.com
debra.perlingiere@enron.com,darren.vanek@enron.com
l..mims@enron.com,debra.perlingiere@enron.com
kysa.alport@enron.com,tim.belden@enron.com
scott.neal@enron.com,hunter.shively@enron.com
scott.neal@enron.com,kimberly.brown@enron.com
scott.neal@enron.com,frank.vickers@enron.com
chris.meyer@enron.com,joe.parks@enron.com
britt.davis@enron.com,b..sanders@enron.com
shonnie.daniel@enron.com,brian.bierbach@enron.com
shonnie.daniel@enron.com,mark.whitt@enron.com
joan.quick@enron.com,gerald.nemec@enron.com
barbara.gray@enron.com,gerald.nemec@enron.com
pat.radford@enron.com,gerald.nemec@enron.com
gerald.nemec@enron.com,joan.quick@enron.com
mark.castiglione@enron.com,arvel.martin@enron.com
gerald.nemec@enron.com,janel.guerrero@enron.com
gerald.nemec@enron.com,chris.hilgert@enron.com
gerald.nemec@enron.com,barbara.gray@enron.com
gerald.nemec@enron.com,dan.bump@enron.com
gerald.nemec@enron.com,mark.courtney@enron.com
eric.gillaspie@enron.com,gerald.nemec@enron.com
gerald.nemec@enron.com,eric.gillaspie@enron.com
gerald.nemec@enron.com,pat.radford@enron.com
steve.hooser@enron.com,gerald.nemec@enron.com
pat.radford@enron.com,shonnie.daniel@enron.com
chris.meyer@enron.com,gerald.nemec@enron.com
gerald.nemec@enron.com,mark.knippa@enron.com
debra.perlingiere@enron.com,gerald.nemec@enron.com
kay.young@enron.com,gerald.nemec@enron.com
theresa.staab@enron.com,gerald.nemec@enron.com
gerald.nemec@enron.com,paul.lucci@enron.com
russell.diamond@enron.com,gerald.nemec@enron.com
gerald.nemec@enron.com,russell.diamond@enron.com
gerald.nemec@enron.com,chris.meyer@enron.com
gerald.nemec@enron.com,kay.young@enron.com
gerald.nemec@enron.com,mark.whitt@enron.com
mark.knippa@enron.com,gerald.nemec@enron.com
gerald.nemec@enron.com,brant.reves@enron.com
pat.radford@enron.com,jeffrey.hodge@enron.com
brant.reves@enron.com,gerald.nemec@enron.com
gerald.nemec@enron.com,steve.hooser@enron.com
gerald.nemec@enron.com,mary.ogden@enron.com
staci.holtzman@enron.com,gerald.nemec@enron.com
tyrell.harrison@enron.com,gerald.nemec@enron.com
pat.radford@enron.com,barbara.gray@enron.com
brian.hendon@enron.com,gerald.nemec@enron.com
gerald.nemec@enron.com,staci.holtzman@enron.com
gerald.nemec@enron.com,stephanie.miller@enron.com
janel.guerrero@enron.com,gerald.nemec@enron.com
stephanie.miller@enron.com,gerald.nemec@enron.com
andrew.edison@enron.com,gerald.nemec@enron.com
barry.tycholiz@enron.com,gerald.nemec@enron.com
ned.higgins@enron.com,gerald.nemec@enron.com
gerald.nemec@enron.com,andrew.miles@enron.com
stephanie.miller@enron.com,barry.tycholiz@enron.com
keegan.farrell@enron.com,gerald.nemec@enron.com
rudwell.johnson@enron.com,gerald.nemec@enron.com
stuart.zisman@enron.com,gerald.nemec@enron.com
judy.thorne@enron.com,gerald.nemec@enron.com
rakhi.israni@enron.com,gerald.nemec@enron.com
debra.perlingiere@enron.com,ellen.wallumrod@enron.com
debra.perlingiere@enron.com,alisha.mahabir@enron.com
dave.fuller@enron.com,barry.tycholiz@enron.com
debra.perlingiere@enron.com,<.williams@enron.com>
credit <.williams@enron.com>,debra.perlingiere@enron.com
barry.tycholiz@enron.com,dave.fuller@enron.com
gerald.nemec@enron.com,judy.thorne@enron.com
gerald.nemec@enron.com,rakhi.israni@enron.com
holly.keiser@enron.com,<.taylor@enron.com>
gregory.schockling@enron.com,joe.parks@enron.com
troy.denetsosie@enron.com,joe.parks@enron.com
frank.hayden@enron.com,joe.parks@enron.com
joe.parks@enron.com,stuart.zisman@enron.com
susan.pereira@enron.com,leslie.robinson@enron.com
debra.perlingiere@enron.com,stacey.richardson@enron.com
debra.perlingiere@enron.com,janette.elbertson@enron.com
debra.perlingiere@enron.com,genia.fitzgerald@enron.com
debra.perlingiere@enron.com,cyndie.balfour-flanagan@enron.com
debra.perlingiere@enron.com,judy.walters@enron.com
debra.perlingiere@enron.com,allison.mchenry@enron.com
debra.perlingiere@enron.com,maureen.smith@enron.com
debra.perlingiere@enron.com,nony.flores@enron.com
debra.perlingiere@enron.com,sylvia.pollan@enron.com
debra.perlingiere@enron.com,deirdre.mccaffrey@enron.com
debra.perlingiere@enron.com,john.singer@enron.com
debra.perlingiere@enron.com,kaye.ellis@enron.com
debra.perlingiere@enron.com,jason.williams@enron.com
debra.perlingiere@enron.com,tammi.depaolis@enron.com
debra.perlingiere@enron.com,ann.osire@enron.com
sara.shackleton@enron.com,donna.lowry@enron.com
c..hall@enron.com,bill.williams@enron.com
d..steffes@enron.com,robert.frank@enron.com
bob.shults@enron.com,andy.zipper@enron.com
d..steffes@enron.com,michael.roan@enron.com
m..presto@enron.com,jae.black@enron.com
m..presto@enron.com,rogers.herndon@enron.com
m..presto@enron.com,john.suarez@enron.com
m..presto@enron.com,billy.braddock@enron.com
kay.quigley@enron.com,dutch.quigley@enron.com
dutch.quigley@enron.com,kay.quigley@enron.com
dutch.quigley@enron.com,ina.rangel@enron.com
andrea.ring@enron.com,richard.ring@enron.com
andrea.ring@enron.com,michele.winckowski@enron.com
heather.mathis@enron.com,richard.ring@enron.com
stacey.bolton@enron.com,elliot.mainzer@enron.com
elliot.mainzer@enron.com,richard.ring@enron.com
robin.rodrigue@enron.com,becky.pitre@enron.com
benjamin.rogers@enron.com,don.miller@enron.com
benjamin.rogers@enron.com,jinsung.myung@enron.com
jonathan.hoff@enron.com,benjamin.rogers@enron.com
jinsung.myung@enron.com,benjamin.rogers@enron.com
benjamin.rogers@enron.com,stuart.zisman@enron.com
benjamin.rogers@enron.com,brandon.neff@enron.com
benjamin.rogers@enron.com,donald.black@enron.com
clement.lau@enron.com,benjamin.rogers@enron.com
oscar.dalton@enron.com,benjamin.rogers@enron.com
amy.copeland@enron.com,david.delainey@enron.com
amy.copeland@enron.com,mike.miller@enron.com
amy.copeland@enron.com,ozzie.pagan@enron.com
jaime.gualy@enron.com,benjamin.rogers@enron.com
elizabeth.sager@enron.com,brenda.whitehead@enron.com
elizabeth.sager@enron.com,carol.clair@enron.com
elizabeth.sager@enron.com,travis.mccullough@enron.com
elizabeth.sager@enron.com,chris.gaffney@enron.com
elizabeth.sager@enron.com,steve.hall@enron.com
elizabeth.sager@enron.com,alice.wright@enron.com
elizabeth.sager@enron.com,christian.yoder@enron.com
elizabeth.sager@enron.com,genia.fitzgerald@enron.com
elizabeth.sager@enron.com,shari.stack@enron.com
elizabeth.sager@enron.com,leslie.hansen@enron.com
elizabeth.sager@enron.com,janet.moore@enron.com
elizabeth.sager@enron.com,janice.moore@enron.com
carol.clair@enron.com,elizabeth.sager@enron.com
janice.moore@enron.com,elizabeth.sager@enron.com
elizabeth.sager@enron.com,peter.keohane@enron.com
elizabeth.sager@enron.com,marcus.nettelton@enron.com
elizabeth.sager@enron.com,lisa.mellencamp@enron.com
richard.sanders@enron.com,andrew.edison@enron.com
elizabeth.sager@enron.com,harlan.murphy@enron.com
legal <.taylor@enron.com>,c..koehler@enron.com
virginia.thompson@enron.com,mark.fischer@enron.com
virginia.thompson@enron.com,tom.alonso@enron.com
cara.semperger@enron.com,diane.cutsforth@enron.com
mike.purcell@enron.com,holden.salisbury@enron.com
mark.fischer@enron.com,holden.salisbury@enron.com
cara.semperger@enron.com,bill.williams@enron.com
virginia.thompson@enron.com,holden.salisbury@enron.com
louise.kitchen@enron.com,mark.taylor@enron.com
richard.sanders@enron.com,britt.davis@enron.com
richard.sanders@enron.com,linda.guinn@enron.com
richard.sanders@enron.com,dan.lyons@enron.com
richard.sanders@enron.com,twanda.sweet@enron.com
richard.sanders@enron.com,robert.williams@enron.com
richard.sanders@enron.com,gail.brownfeld@enron.com
richard.sanders@enron.com,michelle.cash@enron.com
richard.sanders@enron.com,lisa.mellencamp@enron.com
richard.sanders@enron.com,bonnie.white@enron.com
britt.davis@enron.com,richard.sanders@enron.com
richard.sanders@enron.com,stuart.zisman@enron.com
twanda.sweet@enron.com,peter.keohane@enron.com
twanda.sweet@enron.com,richard.shapiro@enron.com
d..steffes@enron.com,vicki.sharp@enron.com
d..steffes@enron.com,ray.alvarez@enron.com
b..sanders@enron.com,twanda.sweet@enron.com
b..sanders@enron.com,gail.brownfeld@enron.com
b..sanders@enron.com,c..williams@enron.com
diana.scholtes@enron.com,virginia.thompson@enron.com
john.postlethwaite@enron.com,w..white@enron.com
jerry.graves@enron.com,e..anderson@enron.com
jerry.graves@enron.com,judy.beck@enron.com
jerry.graves@enron.com,ken.anderson@enron.com
jerry.graves@enron.com,darrell.schoolcraft@enron.com
darrell.schoolcraft@enron.com,jerry.graves@enron.com
david.roensch@enron.com,darrell.schoolcraft@enron.com
tk.lohman@enron.com,darrell.schoolcraft@enron.com
susan.scott@enron.com,ted.noble@enron.com
susan.scott@enron.com,darren.maloney@enron.com
susan.scott@enron.com,monique.sanchez@enron.com
ted.noble@enron.com,susan.scott@enron.com
susan.scott@enron.com,wilson.kriegel@enron.com
susan.scott@enron.com,tobin.carlson@enron.com
susan.scott@enron.com,gary.stadler@enron.com
susan.scott@enron.com,mary.darveaux@enron.com
m..scott@enron.com,monique.sanchez@enron.com
m..scott@enron.com,lisa.gillette@enron.com
will.smith@enron.com,cara.semperger@enron.com
will.smith@enron.com,corry.bentley@enron.com
corry.bentley@enron.com,cara.semperger@enron.com
brant.reves@enron.com,sara.shackleton@enron.com
sara.shackleton@enron.com,jorge.garcia@enron.com
sara.shackleton@enron.com,stewart.rosman@enron.com
sara.shackleton@enron.com,cheryl.nelson@enron.com
sara.shackleton@enron.com,kaye.ellis@enron.com
sara.shackleton@enron.com,susan.musch@enron.com
sara.shackleton@enron.com,larry.hunter@enron.com
sara.shackleton@enron.com,rex.rogers@enron.com
paul.radous@enron.com,sara.shackleton@enron.com
sara.shackleton@enron.com,laurel.adams@enron.com
sara.shackleton@enron.com,shari.stack@enron.com
larry.hunter@enron.com,sara.shackleton@enron.com
jorge.garcia@enron.com,sara.shackleton@enron.com
sara.shackleton@enron.com,lynn.aven@enron.com
rod.nelson@enron.com,sara.shackleton@enron.com
diane.anderson@enron.com,sara.shackleton@enron.com
sara.shackleton@enron.com,diane.anderson@enron.com
cheryl.nelson@enron.com,stephanie.panus@enron.com
sara.shackleton@enron.com,paul.radous@enron.com
clint.freeland@enron.com,sara.shackleton@enron.com
jeff.nogid@enron.com,sara.shackleton@enron.com
laurel.adams@enron.com,sara.shackleton@enron.com
kaye.ellis@enron.com,sara.shackleton@enron.com
cheryl.nelson@enron.com,sheila.glover@enron.com
sara.shackleton@enron.com,frank.sayre@enron.com
sara.shackleton@enron.com,elizabeth.serralheiro@enron.com
sara.shackleton@enron.com,brant.reves@enron.com
sara.shackleton@enron.com,ellen.su@enron.com
sara.shackleton@enron.com,jeff.nogid@enron.com
sara.shackleton@enron.com,melissa.murphy@enron.com
chris.foster@enron.com,sara.shackleton@enron.com
sara.shackleton@enron.com,chris.foster@enron.com
melissa.murphy@enron.com,sara.shackleton@enron.com
sara.shackleton@enron.com,edmund.cooper@enron.com
sara.shackleton@enron.com,jarrod.cyprow@enron.com
sara.shackleton@enron.com,justin.boyd@enron.com
sara.shackleton@enron.com,paul.simons@enron.com
sara.shackleton@enron.com,ted.murphy@enron.com
jarrod.cyprow@enron.com,sara.shackleton@enron.com
sara.shackleton@enron.com,john.suttle@enron.com
sheila.glover@enron.com,ted.murphy@enron.com
sara.shackleton@enron.com,jason.peters@enron.com
sara.shackleton@enron.com,clint.freeland@enron.com
samantha.boyd@enron.com,sara.shackleton@enron.com
brent.hendry@enron.com,<.taylor@enron.com>
jeffrey.shankman@enron.com,jennifer.burns@enron.com
jeffrey.shankman@enron.com,jennifer.fraser@enron.com
jeffrey.shankman@enron.com,kristin.gandy@enron.com
jeffrey.shankman@enron.com,shanna.funkhouser@enron.com
jeffrey.shankman@enron.com,eric.gonzales@enron.com
jeffrey.shankman@enron.com,alexandra.saler@enron.com
joseph.hirl@enron.com,a..shankman@enron.com
paul.hennemeyer@enron.com,richard.shapiro@enron.com
d..steffes@enron.com,leslie.lawner@enron.com
d..steffes@enron.com,w..cantrell@enron.com
jean.ryall@enron.com,richard.shapiro@enron.com
d..steffes@enron.com,john.shelk@enron.com
d..steffes@enron.com,luiz.maurer@enron.com
charles.yeung@enron.com,d..steffes@enron.com
d..steffes@enron.com,linda.robertson@enron.com
d..steffes@enron.com,janel.guerrero@enron.com
d..steffes@enron.com,charles.yeung@enron.com
d..steffes@enron.com,janine.migden@enron.com
d..steffes@enron.com,steve.walton@enron.com
d..steffes@enron.com,susan.lindberg@enron.com
d..steffes@enron.com,jose.bestard@enron.com
d..steffes@enron.com,ginger.dernehl@enron.com
d..steffes@enron.com,amr.ibrahim@enron.com
hunter.shively@enron.com,airam.arteaga@enron.com
hunter.shively@enron.com,chris.gaskill@enron.com
matt.smith@enron.com,chris.hyde@enron.com
g..barkowsky@enron.com,theresa.staab@enron.com
d..steffes@enron.com,evan.hughes@enron.com
p..o'neil@enron.com,chris.stokley@enron.com
chris.stokley@enron.com,neil.bresnan@enron.com
chris.stokley@enron.com,p..o'neil@enron.com
sharen.cason@enron.com,kate.symes@enron.com
stephanie.piwetz@enron.com,kate.symes@enron.com
kate.symes@enron.com,stephanie.piwetz@enron.com
kimberly.allen@enron.com,kate.symes@enron.com
kerri.thompson@enron.com,kate.symes@enron.com
kate.symes@enron.com,kerri.thompson@enron.com
kate.symes@enron.com,kimberly.allen@enron.com
evelyn.metoyer@enron.com,kate.symes@enron.com
kimberly.hundl@enron.com,kate.symes@enron.com
kate.symes@enron.com,evelyn.metoyer@enron.com
kate.symes@enron.com,kimberly.hundl@enron.com
kate.symes@enron.com,sharen.cason@enron.com
kate.symes@enron.com,melissa.murphy@enron.com
melissa.murphy@enron.com,kate.symes@enron.com
kate.symes@enron.com,mollie.gustafson@enron.com
kate.symes@enron.com,rhonda.denton@enron.com
rhonda.denton@enron.com,kate.symes@enron.com
kate.symes@enron.com,bill.iii@enron.com
lester.rawson@enron.com,kate.symes@enron.com
kate.symes@enron.com,lester.rawson@enron.com
kate.symes@enron.com,cara.semperger@enron.com
kate.symes@enron.com,bill.williams@enron.com
kate.symes@enron.com,fran.chang@enron.com
kate.symes@enron.com,virginia.thompson@enron.com
mark.taylor@enron.com,louise.kitchen@enron.com
mark.taylor@enron.com,mark.haedicke@enron.com
mark.taylor@enron.com,paul.simons@enron.com
mark.taylor@enron.com,justin.boyd@enron.com
paul.simons@enron.com,mark.taylor@enron.com
dale.neuner@enron.com,mark.taylor@enron.com
mark.taylor@enron.com,leslie.hansen@enron.com
leslie.hansen@enron.com,mark.taylor@enron.com
mark.taylor@enron.com,janette.elbertson@enron.com
travis.mccullough@enron.com,andy.zipper@enron.com
travis.mccullough@enron.com,mark.taylor@enron.com
mark.taylor@enron.com,andy.zipper@enron.com
john.viverito@enron.com,mark.taylor@enron.com
mark.taylor@enron.com,holly.keiser@enron.com
mark.greenberg@enron.com,<.taylor@enron.com>
legal <.taylor@enron.com>,holly.keiser@enron.com
trevor.woods@enron.com,e.taylor@enron.com
mary.schoen@enron.com,e.taylor@enron.com
chris.foster@enron.com,kim.ward@enron.com
houston <.ward@enron.com>,darla.saucier@enron.com
h..foster@enron.com,<.ward@enron.com>
m..tholt@enron.com,w..cantrell@enron.com
m..tholt@enron.com,stephanie.miller@enron.com
m..tholt@enron.com,barry.tycholiz@enron.com
phil.polsky@enron.com,barry.tycholiz@enron.com
a..howard@enron.com,kimberly.watson@enron.com
v.weldon@enron.com,mark.schlueter@enron.com
greg.whalley@enron.com,john.lavorato@enron.com
w..white@enron.com,john.postlethwaite@enron.com
w..white@enron.com,casey.evans@enron.com
sonia.hennessy@enron.com,w..white@enron.com
w..white@enron.com,andrea.dahlke@enron.com
w..white@enron.com,m.hall@enron.com
grace.rodriguez@enron.com,bill.williams@enron.com
bill.williams@enron.com,kate.symes@enron.com
bill.williams@enron.com,kysa.alport@enron.com
bill.williams@enron.com,amy.fitzpatrick@enron.com
kysa.alport@enron.com,bill.williams@enron.com
andy.zipper@enron.com,jay.webb@enron.com
john.zufferli@enron.com,nella.cappelletto@enron.com
