Source,Target,Weight,ID
stephanie.miller@enron.com,jeff.dasovich@enron.com,0.22370559281917093,7
sarah.novosel@enron.com,james.steffes@enron.com,0.04964986164946216,8
sarah.novosel@enron.com,richard.shapiro@enron.com,0.27410102298874506,10
kathie.grabstald@enron.com,louise.kitchen@enron.com,0.19585619722595948,12
louise.kitchen@enron.com,rob.milnthorp@enron.com,0.03851404125252981,23
louise.kitchen@enron.com,tim.belden@enron.com,0.031276785535015277,24
louise.kitchen@enron.com,f..calger@enron.com,0.20245939723271167,25
lara.leibman@enron.com,richard.shapiro@enron.com,0.07561292444262298,55
paul.kaufman@enron.com,richard.shapiro@enron.com,0.23013374676187515,56
mary.hain@enron.com,james.steffes@enron.com,0.06386176454388094,62
carla.hoffman@enron.com,tim.belden@enron.com,0.001405637580619511,63
tim.belden@enron.com,robert.badeer@enron.com,0.010766022056875891,66
mary.hain@enron.com,tim.belden@enron.com,0.03477078731056887,68
jeff.dasovich@enron.com,sarah.novosel@enron.com,0.05130011557532598,69
jeff.dasovich@enron.com,james.steffes@enron.com,0.3652843599020016,70
jeff.dasovich@enron.com,roger.yang@enron.com,0.021228284382746276,72
jeff.dasovich@enron.com,richard.shapiro@enron.com,0.8648814671492326,73
jeff.dasovich@enron.com,sandra.mccubbin@enron.com,0.14195625612753807,74
jeff.dasovich@enron.com,susan.mara@enron.com,0.9414503151457185,75
jeff.dasovich@enron.com,mona.petrochko@enron.com,0.03527756514137354,76
bruno.gaillard@enron.com,jeff.dasovich@enron.com,0.007427322294596239,77
jeff.dasovich@enron.com,joe.hartsoe@enron.com,0.05785773207507171,78
susan.mara@enron.com,tim.belden@enron.com,0.03159239289431834,80
tim.belden@enron.com,mike.swerzbin@enron.com,0.007095826124832175,81
tim.belden@enron.com,sean.crandall@enron.com,0.04115634554090467,82
rhonda.denton@enron.com,tim.belden@enron.com,0.09945783668359473,83
christi.nicolay@enron.com,james.steffes@enron.com,0.06891582096135139,161
l..nicolay@enron.com,d..steffes@enron.com,0.2855479062934233,177
david.delainey@enron.com,tim.belden@enron.com,0.030488679272473434,212
john.lavorato@enron.com,tim.belden@enron.com,0.014822699739979222,223
kay.chapman@enron.com,tim.belden@enron.com,0.03508917773825589,245
sally.beck@enron.com,louise.kitchen@enron.com,0.13255739947663656,248
louise.kitchen@enron.com,sally.beck@enron.com,0.060968694415630194,253
david.oxley@enron.com,louise.kitchen@enron.com,0.1672159487050758,254
louise.kitchen@enron.com,tammie.schoppe@enron.com,0.26123874777684586,261
louise.kitchen@enron.com,greg.piper@enron.com,0.0734241847836126,262
louise.kitchen@enron.com,andy.zipper@enron.com,0.03992610451569842,263
brian.redmond@enron.com,louise.kitchen@enron.com,0.1947669493987772,270
tammie.schoppe@enron.com,louise.kitchen@enron.com,0.1618200829428651,273
louise.kitchen@enron.com,john.lavorato@enron.com,0.3091642343278546,281
louise.kitchen@enron.com,jay.webb@enron.com,0.03728871624217119,282
louise.kitchen@enron.com,david.oxley@enron.com,0.07052666514332351,283
karen.denne@enron.com,kenneth.lay@enron.com,0.2243891227146336,288
s..bradford@enron.com,louise.kitchen@enron.com,0.16814029166159158,386
chip.schneider@enron.com,louise.kitchen@enron.com,0.35676108680188773,387
louise.kitchen@enron.com,s..bradford@enron.com,0.08175209495297513,388
chris.abel@enron.com,louise.kitchen@enron.com,0.014342033105220127,391
michael.tribolet@enron.com,richard.shapiro@enron.com,0.05145633554061918,393
louise.kitchen@enron.com,r..shepperd@enron.com,0.09358749655946064,394
alan.comnes@enron.com,robert.badeer@enron.com,0.12903106284863966,473
alan.comnes@enron.com,tim.belden@enron.com,0.08019718826233288,478
alan.comnes@enron.com,ray.alvarez@enron.com,0.14525661641167475,481
paul.kaufman@enron.com,susan.mara@enron.com,0.09536410609349379,492
paul.kaufman@enron.com,jeff.dasovich@enron.com,0.34691129956649386,493
joseph.alamo@enron.com,susan.mara@enron.com,0.16236354546039677,494
joseph.alamo@enron.com,jeff.dasovich@enron.com,0.31854026605711455,495
ginger.dernehl@enron.com,jeff.dasovich@enron.com,0.18304135849488565,496
susan.mara@enron.com,paul.kaufman@enron.com,0.05704534936777013,497
susan.mara@enron.com,richard.shapiro@enron.com,0.16073886412229282,498
susan.mara@enron.com,jeff.dasovich@enron.com,0.5679542128078091,499
susan.mara@enron.com,mona.petrochko@enron.com,0.007739012182723989,500
susan.mara@enron.com,sandra.mccubbin@enron.com,0.025457779047890934,501
jeff.dasovich@enron.com,jennifer.rudolph@enron.com,0.03882816904247956,502
jeff.dasovich@enron.com,janel.guerrero@enron.com,0.19234872619106572,503
jeff.dasovich@enron.com,vicki.sharp@enron.com,0.12953602152358248,504
jeff.dasovich@enron.com,robert.williams@enron.com,0.035823802080395956,505
vicki.sharp@enron.com,jeff.dasovich@enron.com,0.055888802269583385,506
sue.nord@enron.com,jeff.dasovich@enron.com,0.039273956668993866,509
jeff.dasovich@enron.com,paul.kaufman@enron.com,0.6934680439863297,510
alan.comnes@enron.com,james.steffes@enron.com,0.049778213581018346,511
alan.comnes@enron.com,jeff.dasovich@enron.com,0.20201677293042694,512
jeff.dasovich@enron.com,alan.comnes@enron.com,0.38734056356098123,513
jeff.dasovich@enron.com,jeffery.fawcett@enron.com,0.09612452407453105,514
jeff.dasovich@enron.com,karen.denne@enron.com,0.49941718297836984,515
karen.denne@enron.com,jeff.dasovich@enron.com,0.26604196902852684,516
jeff.dasovich@enron.com,steven.kean@enron.com,0.044824036435669866,517
alan.comnes@enron.com,susan.mara@enron.com,0.0727849888308442,518
james.steffes@enron.com,jeff.dasovich@enron.com,0.17362305421124485,519
jeff.dasovich@enron.com,angela.schwarz@enron.com,0.20747429387477415,520
jeff.dasovich@enron.com,beverly.aden@enron.com,0.1866383078766726,521
james.steffes@enron.com,steven.kean@enron.com,0.0832670281230052,522
james.steffes@enron.com,richard.shapiro@enron.com,0.12937648082826067,523
jeff.dasovich@enron.com,skean@enron.com,0.3427064836582478,524
carmen.perez@enron.com,jeff.dasovich@enron.com,0.03804471959341236,526
james.steffes@enron.com,harry.kingerski@enron.com,0.028773269994514752,527
rebecca.cantrell@enron.com,barry.tycholiz@enron.com,0.026457546174095098,528
steven.kean@enron.com,jeff.dasovich@enron.com,0.09025795471948486,529
steven.kean@enron.com,karen.denne@enron.com,0.030562053269578122,530
chris.foster@enron.com,jeff.dasovich@enron.com,0.029491965575303123,531
jeff.dasovich@enron.com,mike.smith@enron.com,0.10903208497848009,536
jeff.dasovich@enron.com,chris.foster@enron.com,0.023954705583149348,537
jeff.dasovich@enron.com,joseph.alamo@enron.com,0.5334000602611398,538
jeff.dasovich@enron.com,mary.hain@enron.com,0.03769952715470331,539
jeff.dasovich@enron.com,mpalmer@enron.com,0.11250352158333178,540
james.steffes@enron.com,susan.mara@enron.com,0.0877187701565294,541
james.steffes@enron.com,paul.kaufman@enron.com,0.059174233702982595,542
jeff.dasovich@enron.com,ginger.dernehl@enron.com,0.282144694088035,543
jeff.dasovich@enron.com,linda.robertson@enron.com,0.0472212162380075,544
jeff.dasovich@enron.com,susan.landwehr@enron.com,0.11420234221056652,545
michael.tribolet@enron.com,james.steffes@enron.com,0.03642949890752207,547
susan.landwehr@enron.com,jeff.dasovich@enron.com,0.07528354695918123,548
jeff.dasovich@enron.com,susan.scott@enron.com,0.03478130935912225,549
jeffery.fawcett@enron.com,jeff.dasovich@enron.com,0.07474456148812322,550
jeff.dasovich@enron.com,christopher.calger@enron.com,0.06997132059239569,551
jeff.dasovich@enron.com,david.parquet@enron.com,0.20301243974834152,552
ginger.dernehl@enron.com,james.steffes@enron.com,0.060059872326014285,553
james.steffes@enron.com,sandra.mccubbin@enron.com,0.04386955402439245,555
sandra.mccubbin@enron.com,jeff.dasovich@enron.com,0.014175367308617404,556
jeff.dasovich@enron.com,tom.briggs@enron.com,0.007187038471354806,557
alan.comnes@enron.com,richard.shapiro@enron.com,0.025715925891844838,558
janel.guerrero@enron.com,richard.shapiro@enron.com,0.24509696559714247,559
jeff.dasovich@enron.com,michael.tribolet@enron.com,0.5019201698469438,560
karen.denne@enron.com,steven.kean@enron.com,0.07422607556966049,561
karen.denne@enron.com,mark.palmer@enron.com,0.03729853146619015,562
karen.denne@enron.com,janel.guerrero@enron.com,0.010252377055996168,563
richard.shapiro@enron.com,jeff.dasovich@enron.com,0.3198630889860578,564
david.parquet@enron.com,jeff.dasovich@enron.com,0.08496974596650847,565
michael.tribolet@enron.com,jeff.dasovich@enron.com,0.27906159016414833,567
mary.hain@enron.com,jeff.dasovich@enron.com,0.026201420870858534,568
richard.shapiro@enron.com,paul.kaufman@enron.com,0.10885368751484034,569
ginger.dernehl@enron.com,janel.guerrero@enron.com,0.06441941745280275,570
michael.etringer@enron.com,jeff.dasovich@enron.com,0.07517158592330477,571
james.steffes@enron.com,alan.comnes@enron.com,0.045786712781443806,572
james.steffes@enron.com,tim.belden@enron.com,0.017878806399917773,573
james.steffes@enron.com,chris.foster@enron.com,0.03052475146529012,574
lisa.yoho@enron.com,jeff.dasovich@enron.com,0.0502237742618332,575
karen.denne@enron.com,james.steffes@enron.com,0.055061699858547926,576
karen.denne@enron.com,richard.shapiro@enron.com,0.0955456308864535,577
kristin.walsh@enron.com,louise.kitchen@enron.com,0.08008305898144408,579
james.steffes@enron.com,richard.sanders@enron.com,0.03037872151775382,580
james.steffes@enron.com,john.lavorato@enron.com,0.048117630626393765,581
karen.denne@enron.com,susan.mara@enron.com,0.09339348997660037,582
barry.tycholiz@enron.com,mike.grigsby@enron.com,0.10250134351109783,583
barry.tycholiz@enron.com,jeff.dasovich@enron.com,0.16874518888603074,584
mark.schroeder@enron.com,jeff.dasovich@enron.com,0.026822352463812954,585
harry.kingerski@enron.com,james.steffes@enron.com,0.05630837724556481,586
jeff.dasovich@enron.com,harry.kingerski@enron.com,0.3332922510388901,587
jeff.dasovich@enron.com,lysa.akin@enron.com,0.025603165747886666,588
mary.hain@enron.com,susan.mara@enron.com,0.024690731184074943,589
harry.kingerski@enron.com,jeff.dasovich@enron.com,0.09308963910317077,590
harry.kingerski@enron.com,susan.mara@enron.com,0.05250661506007623,591
richard.shapiro@enron.com,susan.mara@enron.com,0.09713838574863772,592
richard.shapiro@enron.com,linda.robertson@enron.com,0.12455119681915848,593
scott.stoness@enron.com,jeff.dasovich@enron.com,0.020812961559796526,594
rob.bradley@enron.com,jeff.dasovich@enron.com,0.033938306060321,595
jeff.dasovich@enron.com,jennifer.thome@enron.com,0.1896398850347393,596
jeff.dasovich@enron.com,donald.lassere@enron.com,0.020372284966126523,597
paul.kaufman@enron.com,james.steffes@enron.com,0.048017259017593746,598
richard.shapiro@enron.com,james.steffes@enron.com,0.0633259517353099,599
joseph.alamo@enron.com,sandra.mccubbin@enron.com,0.033769066613986036,600
jeff.dasovich@enron.com,stephanie.miller@enron.com,0.24748915778183603,601
rebecca.cantrell@enron.com,james.steffes@enron.com,0.04425228707392263,602
jeff.dasovich@enron.com,rob.bradley@enron.com,0.04257560134454582,603
james.steffes@enron.com,mark.palmer@enron.com,0.022904148294747684,604
jennifer.thome@enron.com,jeff.dasovich@enron.com,0.2041892966503837,607
jeff.dasovich@enron.com,mark.schroeder@enron.com,0.016463783345012365,608
jeff.dasovich@enron.com,michael.etringer@enron.com,0.27709284306779763,609
joseph.alamo@enron.com,paul.kaufman@enron.com,0.10583999209500328,611
leslie.lawner@enron.com,james.steffes@enron.com,0.043433986354522926,612
jeff.dasovich@enron.com,steven.harris@enron.com,0.05168679461900041,613
janel.guerrero@enron.com,jeff.dasovich@enron.com,0.1029681248053754,614
joe.hartsoe@enron.com,jeff.dasovich@enron.com,0.01776401985291598,615
jennifer.thome@enron.com,james.steffes@enron.com,0.047793698992983184,616
leslie.lawner@enron.com,harry.kingerski@enron.com,0.06768698011986414,617
jeff.dasovich@enron.com,leslie.lawner@enron.com,0.07694876554581083,618
leslie.lawner@enron.com,jeff.dasovich@enron.com,0.08199944986405623,619
susan.scott@enron.com,jeff.dasovich@enron.com,0.0370912168024534,621
jeff.dasovich@enron.com,rosalee.fleming@enron.com,0.05811793874914002,622
ray.alvarez@enron.com,tim.belden@enron.com,0.08927786993159348,623
jeff.dasovich@enron.com,sue.nord@enron.com,0.07426442389633721,626
richard.shapiro@enron.com,steven.kean@enron.com,0.130847329147054,627
susan.landwehr@enron.com,richard.shapiro@enron.com,0.051801315171766525,629
steven.kean@enron.com,richard.shapiro@enron.com,0.05874141345487442,630
steven.kean@enron.com,susan.mara@enron.com,0.022924126499726354,631
jeff.dasovich@enron.com,wanda.curry@enron.com,0.12361272909683785,633
jeff.dasovich@enron.com,tim.belden@enron.com,0.12535332723966267,634
alan.comnes@enron.com,paul.kaufman@enron.com,0.05098197624905511,635
susan.mara@enron.com,james.steffes@enron.com,0.11706457691895682,636
jeff.dasovich@enron.com,maureen.mcvicker@enron.com,0.10487377834482674,637
maureen.mcvicker@enron.com,jeff.dasovich@enron.com,0.05957222261228417,639
jeff.dasovich@enron.com,barry.tycholiz@enron.com,0.2860182947751335,640
susan.mara@enron.com,alan.comnes@enron.com,0.1818359167094585,643
susan.mara@enron.com,joseph.alamo@enron.com,0.0699975561196387,644
susan.mara@enron.com,harry.kingerski@enron.com,0.05588564495435525,645
susan.mara@enron.com,karen.denne@enron.com,0.08750664674940244,646
susan.mara@enron.com,mark.palmer@enron.com,0.024443873166706015,647
susan.mara@enron.com,steven.kean@enron.com,0.0031755678833502257,648
ginger.dernehl@enron.com,richard.shapiro@enron.com,0.15527376974598897,649
susan.mara@enron.com,dave.perrino@enron.com,0.1154410524107364,650
mona.petrochko@enron.com,jeff.dasovich@enron.com,0.025287278215138216,651
mark.palmer@enron.com,richard.shapiro@enron.com,0.01449133349158662,652
james.steffes@enron.com,joe.hartsoe@enron.com,0.034552514131332646,656
scott.bolton@enron.com,jeff.dasovich@enron.com,0.011842474889446132,657
roger.yang@enron.com,jeff.dasovich@enron.com,0.02097683701379159,658
janine.migden@enron.com,richard.shapiro@enron.com,0.23594362216338602,659
steve.montovano@enron.com,richard.shapiro@enron.com,0.11807516674217039,660
susan.mara@enron.com,mary.hain@enron.com,0.02329270202120656,661
roger.yang@enron.com,susan.mara@enron.com,0.01613040960513858,663
susan.mara@enron.com,phyllis.anzalone@enron.com,0.03020773286491912,664
james.steffes@enron.com,mary.hain@enron.com,0.023371415322119546,666
jeff.dasovich@enron.com,elizabeth.linnell@enron.com,0.021351562416666855,668
sue.nord@enron.com,richard.shapiro@enron.com,0.22106306494385225,676
mary.hain@enron.com,paul.kaufman@enron.com,0.014850345164086702,678
alan.comnes@enron.com,tom.alonso@enron.com,0.12496770533938284,679
karen.denne@enron.com,jeff.skilling@enron.com,0.032446407350630146,680
linda.robertson@enron.com,jeff.dasovich@enron.com,0.05859673401803209,681
james.steffes@enron.com,david.delainey@enron.com,0.02294979067339828,682
maureen.mcvicker@enron.com,steven.kean@enron.com,0.02509667920248275,683
britt.whitman@enron.com,louise.kitchen@enron.com,0.09586527769894629,685
paul.dawson@enron.com,richard.shapiro@enron.com,0.15198644625417237,686
sarah.novosel@enron.com,linda.robertson@enron.com,0.14830709045236856,687
steven.kean@enron.com,linda.robertson@enron.com,0.061023296717162175,688
steven.kean@enron.com,james.steffes@enron.com,0.016765146725236674,689
robert.frank@enron.com,richard.shapiro@enron.com,0.04359624178384882,690
linda.robertson@enron.com,james.steffes@enron.com,0.033889471641359976,691
wanda.curry@enron.com,jeff.dasovich@enron.com,0.10083293413624682,697
barry.tycholiz@enron.com,stephanie.miller@enron.com,0.19427199128991812,698
barry.tycholiz@enron.com,jessica.presas@enron.com,0.28438480707471325,699
ginger.dernehl@enron.com,joseph.alamo@enron.com,0.3509395388395172,700
jeff.dasovich@enron.com,janet.dietrich@enron.com,0.0860704313453618,701
jeff.dasovich@enron.com,lisa.mellencamp@enron.com,0.19209081932967537,702
cynthia.sandherr@enron.com,richard.shapiro@enron.com,0.019050999869437743,703
mike.smith@enron.com,jeff.dasovich@enron.com,0.07259802479203503,705
allison.navin@enron.com,richard.shapiro@enron.com,0.01018891488941905,706
linda.robertson@enron.com,steven.kean@enron.com,0.049619475557020926,707
linda.robertson@enron.com,richard.shapiro@enron.com,0.31831781480602583,708
luiz.maurer@enron.com,richard.shapiro@enron.com,0.12852224121471928,712
d..steffes@enron.com,jeff.dasovich@enron.com,0.37953756246578724,713
susan.mara@enron.com,d..steffes@enron.com,0.2723906317908239,714
harry.kingerski@enron.com,d..steffes@enron.com,0.10891259547396001,715
karen.denne@enron.com,j..kean@enron.com,0.14095670963800488,717
jeff.dasovich@enron.com,j..kean@enron.com,0.3053090103348009,718
d..steffes@enron.com,susan.mara@enron.com,0.400147798301723,719
janel.guerrero@enron.com,d..steffes@enron.com,0.15542256998919968,720
john.shelk@enron.com,d..steffes@enron.com,0.2916266851064838,721
d..steffes@enron.com,paul.kaufman@enron.com,0.2277986996037409,722
d..steffes@enron.com,harry.kingerski@enron.com,0.5081922548889243,723
d..steffes@enron.com,j..noske@enron.com,0.34158120215505977,724
richard.shapiro@enron.com,d..steffes@enron.com,0.1240214389456473,725
m..landwehr@enron.com,richard.shapiro@enron.com,0.15612844414439747,727
d..steffes@enron.com,lisa.mellencamp@enron.com,0.136556909226059,728
d..steffes@enron.com,alan.comnes@enron.com,0.26517973314988924,729
richard.shapiro@enron.com,j..kean@enron.com,0.21185140209589326,730
j..kean@enron.com,richard.shapiro@enron.com,0.15230306444568978,731
jeff.dasovich@enron.com,d..steffes@enron.com,0.6863314510297752,732
w..cantrell@enron.com,d..steffes@enron.com,0.21254371314934378,734
d..steffes@enron.com,steve.montovano@enron.com,0.20584464560523327,735
d..steffes@enron.com,jean.ryall@enron.com,0.21096019398163784,736
f..calger@enron.com,louise.kitchen@enron.com,0.36210402300126593,737
d..steffes@enron.com,l..nicolay@enron.com,0.6849063931060394,738
d..steffes@enron.com,sarah.novosel@enron.com,0.3955108575596493,739
d..steffes@enron.com,richard.shapiro@enron.com,0.48457758729999284,740
d..steffes@enron.com,m..landwehr@enron.com,0.21039722787855475,741
john.shelk@enron.com,richard.shapiro@enron.com,0.38016917275825274,742
john.shelk@enron.com,linda.robertson@enron.com,0.180171750452087,743
jeff.dasovich@enron.com,f..calger@enron.com,0.10257975303582033,744
david.delainey@enron.com,james.steffes@enron.com,0.013121646593620855,767
j..kean@enron.com,greg.whalley@enron.com,0.09211833602816782,783
mark.whitt@enron.com,barry.tycholiz@enron.com,0.44413028353861744,831
mike.grigsby@enron.com,barry.tycholiz@enron.com,0.08026439150173768,922
m..presto@enron.com,louise.kitchen@enron.com,0.0776707880133788,1016
d..steffes@enron.com,m..presto@enron.com,0.04523556292811412,1017
laura.luce@enron.com,louise.kitchen@enron.com,0.26552603637291655,1044
barry.tycholiz@enron.com,mark.whitt@enron.com,0.36350934182305683,1054
mary.hain@enron.com,alan.comnes@enron.com,0.036207763480354586,1062
chris.long@enron.com,richard.shapiro@enron.com,0.1277285514380667,1081
eric.thode@enron.com,louise.kitchen@enron.com,0.18963780266106403,1106
dorie.hitchcock@enron.com,louise.kitchen@enron.com,0.15522940645896083,1107
christi.nicolay@enron.com,richard.shapiro@enron.com,0.03176612080091366,1113
gerald.nemec@enron.com,barry.tycholiz@enron.com,0.07749339468075205,1186
tana.jones@enron.com,louise.kitchen@enron.com,0.009473654699635684,1309
david.forster@enron.com,louise.kitchen@enron.com,0.16265864359150323,1406
d..steffes@enron.com,dave.perrino@enron.com,0.267044038687125,1481
pr <.palmer@enron.com>,j..kean@enron.com,0.0905697680242248,1486
peggy.mahoney@enron.com,karen.denne@enron.com,0.04936481905434634,1489
steven.kean@enron.com,maureen.mcvicker@enron.com,0.22458985175619822,1495
lisa.yoho@enron.com,richard.shapiro@enron.com,0.25052996534062116,1509
janine.migden@enron.com,james.steffes@enron.com,0.03914453241781028,1510
lora.sullivan@enron.com,richard.shapiro@enron.com,0.039843843300525886,1513
robert.hemstock@enron.com,richard.shapiro@enron.com,0.05714218226807819,1514
eric.benson@enron.com,richard.shapiro@enron.com,0.052184784208952666,1518
chris.long@enron.com,linda.robertson@enron.com,0.07236736703344232,1519
elizabeth.linnell@enron.com,richard.shapiro@enron.com,0.12382661896605356,1520
peter.styles@enron.com,richard.shapiro@enron.com,0.08769820961075535,1521
d..steffes@enron.com,dan.leff@enron.com,0.08757910351003412,1522
d..steffes@enron.com,janet.dietrich@enron.com,0.09022651340712312,1523
ray.alvarez@enron.com,d..steffes@enron.com,0.11214083794230172,1524
j..kean@enron.com,karen.denne@enron.com,0.19837247470132058,1525
simone.la@enron.com,tim.belden@enron.com,0.11738606175946881,1527
sarah.novosel@enron.com,d..steffes@enron.com,0.1492021741255987,1531
j..kean@enron.com,<.palmer@enron.com>,0.07579456500665377,1532
jay.webb@enron.com,louise.kitchen@enron.com,0.08109415412641266,1534
aleck.dadson@enron.com,richard.shapiro@enron.com,0.15615846756725077,1535
amr.ibrahim@enron.com,richard.shapiro@enron.com,0.2006650158522981,1536
j..kean@enron.com,maureen.mcvicker@enron.com,0.2765892460231368,1537
d..steffes@enron.com,louise.kitchen@enron.com,0.08817829310257137,1542
no.address@enron.com,louise.kitchen@enron.com,0.1819294608594345,1543
greg.piper@enron.com,louise.kitchen@enron.com,0.15883449792140977,1544
r..shepperd@enron.com,louise.kitchen@enron.com,0.055754709864124605,1545
jeanie.slone@enron.com,louise.kitchen@enron.com,0.07421008420840501,1546
rahil.jafry@enron.com,louise.kitchen@enron.com,0.26838489706490715,1547
tim.belden@enron.com,john.lavorato@enron.com,0.17966383057368437,1549
rob.milnthorp@enron.com,louise.kitchen@enron.com,0.0017803296779558588,1550
kal.shah@enron.com,louise.kitchen@enron.com,0.05167516429623728,1552
tim.belden@enron.com,louise.kitchen@enron.com,0.18668792414668117,1553
joseph.deffner@enron.com,louise.kitchen@enron.com,0.17497836871660716,1554
louise.kitchen@enron.com,laura.luce@enron.com,0.054751274579280196,1555
louise.kitchen@enron.com,greg.whalley@enron.com,0.03228420338007933,1556
louise.kitchen@enron.com,david.forster@enron.com,0.07860688814709307,1557
louise.kitchen@enron.com,jeanie.slone@enron.com,0.07370575001625994,1558
louise.kitchen@enron.com,geoff.storey@enron.com,0.056399688154843336,1559
don.miller@enron.com,louise.kitchen@enron.com,0.10508610588971032,1560
jean.mrha@enron.com,louise.kitchen@enron.com,0.4099581191658786,1561
kevin.presto@enron.com,louise.kitchen@enron.com,0.03371288208046644,1562
john.lavorato@enron.com,louise.kitchen@enron.com,0.24752723671955681,1563
faith.killen@enron.com,louise.kitchen@enron.com,0.2759740983026028,1564
ben.jacoby@enron.com,louise.kitchen@enron.com,0.3022814066453825,1565
christopher.calger@enron.com,louise.kitchen@enron.com,0.21499319405185371,1566
geoff.storey@enron.com,louise.kitchen@enron.com,0.07866491715249627,1567
richard.lydecker@enron.com,louise.kitchen@enron.com,0.05937075914634858,1568
savita.puthigai@enron.com,louise.kitchen@enron.com,0.05783347559354467,1572
chip.schneider@enron.com,f..calger@enron.com,0.1507827060271915,1573
janet.dietrich@enron.com,louise.kitchen@enron.com,0.03966516634152987,1576
brad.richter@enron.com,louise.kitchen@enron.com,0.19088838197858776,1577
andy.zipper@enron.com,louise.kitchen@enron.com,0.03232090421282853,1578
wes.colwell@enron.com,louise.kitchen@enron.com,0.07200397486827392,1579
zhiyong.wei@enron.com,louise.kitchen@enron.com,0.3574707082073523,1581
kim.melodick@enron.com,louise.kitchen@enron.com,0.11366761372612467,1584
jaime.williams@enron.com,louise.kitchen@enron.com,0.21684347251445812,1585
travis.mccullough@enron.com,louise.kitchen@enron.com,0.007951470366319293,1591
greg.whalley@enron.com,louise.kitchen@enron.com,0.028521503356263522,1592
james.steffes@enron.com,louise.kitchen@enron.com,0.04966584873919224,1593
m..presto@enron.com,tim.belden@enron.com,0.07090271847865638,1600
tyrell.harrison@enron.com,barry.tycholiz@enron.com,0.10602938410999725,1649
kysa.alport@enron.com,tim.belden@enron.com,0.2960275718916632,1751
gerald.nemec@enron.com,janel.guerrero@enron.com,0.05696418665668409,1764
gerald.nemec@enron.com,stephanie.miller@enron.com,0.13701022210900882,1796
janel.guerrero@enron.com,gerald.nemec@enron.com,0.05661661550254713,1797
stephanie.miller@enron.com,gerald.nemec@enron.com,0.20545895407795317,1798
barry.tycholiz@enron.com,gerald.nemec@enron.com,0.06665749655533984,1800
stephanie.miller@enron.com,barry.tycholiz@enron.com,0.24072907969815224,1803
dave.fuller@enron.com,barry.tycholiz@enron.com,0.14170064039623712,1811
barry.tycholiz@enron.com,dave.fuller@enron.com,0.11795353058586718,1814
d..steffes@enron.com,robert.frank@enron.com,0.14956108779096008,1840
d..steffes@enron.com,michael.roan@enron.com,0.23577300334,1842
louise.kitchen@enron.com,mark.taylor@enron.com,0.015100712981382937,1896
twanda.sweet@enron.com,richard.shapiro@enron.com,0.003493242238574673,1909
d..steffes@enron.com,vicki.sharp@enron.com,0.09206125269567098,1910
d..steffes@enron.com,ray.alvarez@enron.com,0.282233342803879,1911
paul.hennemeyer@enron.com,richard.shapiro@enron.com,0.1346132981094192,1989
d..steffes@enron.com,leslie.lawner@enron.com,0.2466056866051152,1990
d..steffes@enron.com,w..cantrell@enron.com,0.3159914831866916,1991
jean.ryall@enron.com,richard.shapiro@enron.com,0.0056729398245754115,1992
d..steffes@enron.com,john.shelk@enron.com,0.2672819947797333,1993
d..steffes@enron.com,luiz.maurer@enron.com,0.26596871063527383,1994
charles.yeung@enron.com,d..steffes@enron.com,0.10261534208462743,1995
d..steffes@enron.com,linda.robertson@enron.com,0.12325095182729084,1996
d..steffes@enron.com,janel.guerrero@enron.com,0.20720888055025385,1997
d..steffes@enron.com,charles.yeung@enron.com,0.32051272463980673,1998
d..steffes@enron.com,janine.migden@enron.com,0.29259474346286624,1999
d..steffes@enron.com,steve.walton@enron.com,0.15032399889716908,2000
d..steffes@enron.com,susan.lindberg@enron.com,0.32530173909170634,2001
d..steffes@enron.com,jose.bestard@enron.com,0.19062685248691077,2002
d..steffes@enron.com,ginger.dernehl@enron.com,0.09546492032459804,2003
d..steffes@enron.com,amr.ibrahim@enron.com,0.1604018216121037,2004
d..steffes@enron.com,evan.hughes@enron.com,0.18520789216359446,2009
mark.taylor@enron.com,louise.kitchen@enron.com,0.021737391908743048,2037
m..tholt@enron.com,stephanie.miller@enron.com,0.07593497944653974,2059
m..tholt@enron.com,barry.tycholiz@enron.com,0.06386023260442893,2060
phil.polsky@enron.com,barry.tycholiz@enron.com,0.1194615627521587,2061
